customerID,gender,SeniorCitizen,Partner,Dependents,tenure,PhoneService,MultipleLines,InternetService,OnlineSecurity,OnlineBackup,DeviceProtection,TechSupport,StreamingTV,StreamingMovies,Contract,PaperlessBilling,PaymentMethod,MonthlyCharges,TotalCharges,Churn
1201,0,0,1,1,8,1,0,0,0,0,0,0,0,0,0,1,2,45.45,411.75,0
6073,1,0,1,1,38,1,0,0,2,2,2,2,2,0,1,0,2,74.05,2802.3,0
5859,1,0,0,0,69,1,0,2,1,1,1,1,1,1,2,0,1,19.95,1399.35,0
1906,1,0,0,1,0,1,2,0,2,2,0,2,0,0,2,1,0,61.9,2283.3004408418656,0
37,0,0,1,0,59,1,2,1,2,2,0,0,2,0,0,1,2,94.75,5597.65,0
3113,1,0,1,1,2,1,0,2,1,1,1,1,1,1,1,0,3,19.85,35.9,1
26,0,0,1,1,55,1,0,1,0,2,2,2,2,2,1,1,0,103.7,5656.75,0
6620,0,0,1,1,45,1,2,1,2,2,0,0,2,2,0,1,2,105.15,4730.9,0
1635,1,1,1,0,65,1,2,1,0,2,2,0,2,2,0,1,2,104.35,6578.55,0
1532,0,0,1,0,51,1,0,0,2,2,0,2,0,0,1,1,0,60.5,3145.15,0
4487,1,0,1,1,67,1,2,0,2,2,2,2,0,0,1,1,1,69.35,4653.25,0
109,0,1,1,0,58,1,0,1,2,2,0,2,2,2,1,1,1,105.5,6205.5,1
2633,1,0,1,1,66,0,1,0,0,0,2,2,2,2,2,0,0,54.65,3632.0,0
1165,1,0,1,0,51,1,2,1,0,2,0,0,0,2,1,1,1,90.35,4614.55,0
3097,0,1,0,0,13,1,0,1,0,0,2,0,0,0,0,1,2,74.3,940.35,1
6452,1,0,1,1,64,1,0,2,1,1,1,1,1,1,2,1,0,19.7,1274.05,0
5440,0,0,0,0,1,1,0,1,0,0,0,0,0,0,0,1,2,69.2,69.2,1
1856,1,1,0,0,29,1,0,1,0,2,2,0,2,2,0,1,0,101.45,2948.6,0
362,1,1,1,0,55,1,2,1,0,0,0,0,0,0,0,1,2,74.0,4052.4,0
3090,1,0,0,0,3,0,1,0,0,2,0,2,0,0,0,1,3,36.85,108.7,1
459,1,1,1,0,32,1,2,1,0,2,2,0,0,2,0,1,2,93.5,2970.8,0
2171,1,0,1,1,25,1,0,0,2,0,0,2,0,0,0,0,2,54.3,1296.8,0
3208,0,1,1,0,25,1,0,1,0,2,2,0,2,2,0,1,2,98.5,2514.5,1
2023,1,0,1,1,1,1,0,1,0,0,0,0,0,0,0,1,1,69.95,69.95,0
2344,0,0,1,1,9,1,0,2,1,1,1,1,1,1,2,0,3,19.75,210.65,0
529,1,0,0,0,9,0,1,0,0,0,0,0,2,0,0,1,1,34.7,296.1,1
2884,1,0,0,0,10,1,0,1,0,0,0,0,2,2,0,1,2,89.5,863.1,1
3024,0,0,0,0,5,1,0,0,2,0,2,0,0,0,0,0,1,55.8,300.4,0
4522,1,0,1,1,16,1,0,0,2,0,2,0,2,0,2,0,3,64.25,1024.0,0
3889,1,0,0,0,19,1,0,2,1,1,1,1,1,1,2,1,3,19.95,373.5,0
4632,1,0,0,0,15,0,1,0,0,0,2,0,2,2,1,0,2,50.75,688.2,0
5740,1,0,0,0,10,1,0,2,1,1,1,1,1,1,1,0,3,19.5,225.85,0
5661,0,0,1,0,25,1,0,1,0,0,2,0,0,0,0,1,2,74.6,1797.75,0
3241,0,0,1,1,6,1,2,1,0,0,0,2,0,0,0,1,2,80.5,502.85,1
6164,0,0,1,1,10,1,2,1,0,0,0,0,0,2,0,0,2,85.95,858.6,0
4333,0,0,1,0,72,0,1,0,2,2,2,2,2,2,2,0,0,65.5,4919.7,0
930,1,0,0,0,1,1,0,2,1,1,1,1,1,1,0,0,0,20.05,20.05,1
313,1,0,0,0,3,1,0,2,1,1,1,1,1,1,0,1,1,20.75,67.1,0
4570,0,0,1,1,70,1,2,0,2,2,2,2,2,0,2,0,2,80.7,5617.95,0
4728,1,0,1,1,72,1,2,0,2,0,2,2,2,2,2,1,1,83.55,6093.3,0
5290,0,0,1,0,13,0,1,0,0,0,2,0,2,2,0,1,0,48.75,633.4,1
4824,0,0,1,1,5,1,0,1,0,0,0,0,2,0,0,1,2,80.85,356.1,0
1470,0,1,0,0,71,1,2,1,0,2,2,0,2,2,1,1,2,105.9,7521.95,0
366,0,0,1,0,28,1,0,2,1,1,1,1,1,1,0,0,3,20.5,563.05,0
1365,1,0,0,0,12,1,2,1,0,2,2,0,2,2,0,1,2,106.7,1253.9,1
6003,0,0,1,1,72,1,0,0,2,2,2,2,0,2,2,1,2,74.35,5237.4,0
5755,1,0,1,1,59,1,0,0,0,2,2,2,2,2,1,0,1,76.75,4541.9,0
3984,1,0,0,1,20,1,0,2,1,1,1,1,1,1,0,1,2,19.4,374.5,1
628,0,1,1,0,60,1,2,1,0,2,0,0,0,2,0,0,2,89.45,5294.6,0
897,0,0,1,0,72,1,2,1,0,0,2,0,2,2,2,1,2,97.85,6841.3,0
4783,0,0,1,0,63,1,0,1,0,2,0,0,2,2,1,1,2,96.0,6109.75,0
6837,0,1,0,0,37,1,2,1,2,2,0,0,2,2,0,1,0,106.75,4056.75,1
3774,0,0,1,1,64,1,2,1,0,2,2,0,0,2,1,1,2,92.85,5980.75,0
5655,1,0,1,1,72,1,2,1,0,0,0,0,0,2,2,1,1,84.5,6130.85,0
688,0,0,1,1,62,1,2,1,0,2,0,2,2,2,1,1,1,106.05,6703.5,0
5482,1,0,1,1,60,1,0,2,1,1,1,1,1,1,2,0,3,20.55,1205.05,0
5205,0,0,1,0,2,1,0,1,0,0,0,0,0,0,0,1,2,70.35,120.25,0
3081,0,1,1,0,12,1,0,0,2,0,2,2,2,2,1,1,2,79.2,943.85,0
2647,0,1,1,0,65,1,2,1,0,2,2,0,2,2,0,1,0,108.8,7082.45,0
4664,1,0,1,1,51,1,0,2,1,1,1,1,1,1,2,0,1,19.55,1086.75,0
3385,0,0,1,1,71,1,0,2,1,1,1,1,1,1,2,0,0,19.85,1326.35,0
5399,0,0,0,0,17,1,0,2,1,1,1,1,1,1,1,0,3,19.55,280.85,0
6497,0,0,0,0,1,1,0,0,0,0,0,0,0,0,0,1,3,44.0,44.0,0
4392,1,0,0,0,57,1,0,0,0,2,0,2,0,0,1,1,3,54.65,3134.7,0
565,1,0,1,1,71,1,0,2,1,1,1,1,1,1,2,0,3,19.8,1396.25,0
6955,1,0,0,0,19,1,2,1,0,0,0,0,0,2,0,1,0,86.0,1532.45,1
193,0,0,0,0,11,0,1,0,0,2,2,2,0,0,1,1,1,40.4,422.6,0
929,1,0,1,0,64,1,0,1,0,2,2,2,2,2,1,1,1,102.45,6654.1,0
706,0,0,0,1,25,1,0,0,0,2,0,2,0,0,1,1,1,54.75,1266.35,0
3858,0,0,0,0,12,1,2,1,0,2,0,0,0,2,0,1,2,89.15,1057.55,0
6745,0,0,0,0,3,1,0,1,0,0,0,0,0,0,0,1,0,69.55,222.3,1
2578,0,0,0,0,6,1,0,0,0,0,0,2,0,0,0,1,0,50.8,288.05,1
6461,1,0,0,0,44,1,0,1,0,0,0,0,0,0,0,0,1,68.85,2958.95,0
1793,1,0,1,0,33,1,2,0,2,2,2,0,2,0,0,1,0,72.75,2447.45,0
1443,0,0,1,1,40,1,2,2,1,1,1,1,1,1,0,1,2,26.2,1077.5,0
3584,1,0,0,0,51,1,2,1,0,0,0,0,0,2,0,0,0,83.4,4149.45,0
4413,1,0,0,0,2,1,2,1,0,0,0,0,0,0,0,1,1,73.25,131.05,1
6553,1,0,0,1,47,1,0,0,2,2,0,0,0,0,0,1,2,55.3,2654.05,0
5944,0,0,1,0,8,1,2,1,0,0,0,0,0,2,0,1,2,84.9,764.95,1
4034,1,0,1,1,15,1,0,2,1,1,1,1,1,1,0,1,2,20.0,288.05,1
1982,1,0,0,0,1,1,0,1,0,0,0,0,0,2,0,0,2,80.5,80.5,1
2955,0,0,1,0,61,1,2,1,0,0,2,2,2,2,0,1,2,106.35,6751.35,0
2010,1,0,1,1,68,1,2,1,0,2,0,0,2,2,1,1,1,101.05,6770.5,0
6518,0,0,0,0,5,1,2,1,0,0,0,0,0,0,0,0,2,75.55,413.65,1
4279,1,0,0,0,17,0,1,0,0,0,0,0,0,0,0,1,3,25.65,440.2,0
4639,1,0,1,1,51,1,2,2,1,1,1,1,1,1,1,1,3,23.95,1216.35,0
2235,1,0,0,0,3,1,0,2,1,1,1,1,1,1,0,1,2,20.25,61.45,0
5481,0,0,1,1,48,1,2,1,0,0,0,0,0,2,1,1,3,82.05,4029.95,1
4601,1,0,0,0,68,1,2,2,1,1,1,1,1,1,2,0,3,24.55,1657.4,0
5651,1,0,0,0,8,1,0,1,0,0,0,0,0,0,0,0,0,70.7,553.4,0
6155,0,0,0,0,13,0,1,0,0,2,0,0,0,0,0,1,2,31.05,347.25,1
3259,0,0,0,0,19,1,2,1,2,2,0,0,0,2,0,1,2,95.15,1789.25,1
1247,1,0,0,0,1,1,0,0,0,2,0,0,0,0,0,1,3,50.15,50.15,0
5588,1,0,1,0,31,1,2,0,0,0,0,0,2,0,0,1,1,59.05,1882.8,0
6870,1,0,0,0,39,1,2,1,0,2,0,0,0,0,1,0,1,81.4,3213.75,0
3043,0,0,0,0,17,1,0,2,1,1,1,1,1,1,1,0,1,20.05,337.9,0
859,0,0,1,1,43,1,0,0,0,2,0,0,0,0,0,0,3,50.2,2169.4,0
3076,1,0,0,0,54,1,0,1,2,0,2,0,2,0,0,0,3,89.8,4667.0,0
3704,1,0,0,0,28,1,0,1,0,0,2,2,0,2,0,0,2,91.0,2626.15,0
5152,0,0,0,1,1,1,0,0,2,0,0,2,0,0,0,0,2,54.5,54.5,0
970,0,0,1,1,18,1,0,0,2,2,0,2,0,0,1,1,3,61.5,1087.45,0
3878,1,0,1,1,56,1,2,2,1,1,1,1,1,1,1,1,3,24.45,1431.65,0
5017,1,0,0,0,54,1,0,0,2,2,0,0,2,0,2,1,0,65.3,3512.9,0
5649,1,0,1,0,67,1,2,1,0,2,0,0,2,0,1,1,0,88.4,5798.3,0
6707,1,0,0,0,1,0,1,0,2,0,0,0,0,0,0,0,3,29.7,29.7,1
1051,0,0,0,0,1,1,0,0,0,0,0,2,0,0,0,1,2,49.9,49.9,0
4607,0,0,1,1,7,1,0,0,2,0,0,0,0,0,0,0,3,50.7,350.35,0
5774,0,0,1,1,36,1,2,1,2,0,2,0,2,2,0,1,1,104.5,3684.95,0
518,1,0,1,1,4,1,0,2,1,1,1,1,1,1,2,0,3,19.9,76.65,0
5129,1,0,1,0,2,1,0,1,0,0,0,2,2,2,0,1,2,94.2,167.5,1
6378,1,0,0,0,39,0,1,0,2,2,0,2,2,0,0,1,1,48.95,1880.85,1
201,1,0,1,0,1,1,0,1,0,0,0,0,2,0,0,1,2,80.55,80.55,1
5909,1,0,0,0,14,1,0,2,1,1,1,1,1,1,0,1,2,20.05,299.3,0
3217,0,0,0,0,1,1,0,1,0,0,0,0,0,2,0,1,2,81.1,81.1,1
5902,0,0,1,1,67,1,2,0,2,0,0,0,2,2,2,1,2,75.5,5229.45,0
814,0,0,0,0,38,1,0,1,2,2,2,0,0,0,0,1,1,83.9,3233.6,1
5855,0,0,0,0,10,1,0,0,0,2,0,0,0,0,0,0,2,51.2,498.25,0
2041,0,0,0,0,46,1,2,0,2,0,2,0,2,2,2,0,3,79.2,3593.8,0
4633,0,0,0,0,16,0,1,0,2,0,0,0,2,0,0,1,2,38.9,664.4,0
5041,0,0,0,0,8,1,2,1,2,0,0,2,2,2,0,1,0,103.35,847.3,1
4793,1,0,1,1,65,1,0,2,1,1,1,1,1,1,2,1,1,19.85,1267.05,0
5234,1,0,0,0,19,1,0,2,1,1,1,1,1,1,1,0,3,18.8,279.2,0
4108,0,0,0,1,3,1,0,2,1,1,1,1,1,1,1,1,1,20.55,57.4,0
42,1,0,1,1,25,1,2,2,1,1,1,1,1,1,2,0,1,25.5,630.6,0
2297,1,0,0,1,32,1,2,0,0,2,2,2,2,2,1,0,1,83.7,2633.3,0
69,0,0,0,0,33,1,2,1,0,2,2,0,2,2,0,0,2,107.55,3645.5,0
1907,0,0,0,0,1,1,0,1,0,0,0,0,2,0,0,0,2,78.05,78.05,1
4644,1,0,1,0,34,1,0,2,1,1,1,1,1,1,2,0,1,20.05,679.0,0
3330,0,0,1,1,47,1,0,2,1,1,1,1,1,1,2,0,0,19.3,890.5,0
4613,0,0,0,0,6,0,1,0,2,2,2,2,2,2,2,1,3,63.4,348.8,0
5656,0,0,0,1,66,1,2,1,2,0,2,2,0,0,2,1,1,90.95,5930.05,0
6179,1,0,0,0,4,1,2,2,1,1,1,1,1,1,0,0,3,25.25,101.9,0
2732,1,0,1,1,68,1,0,0,2,2,0,2,2,2,2,0,0,82.85,5776.45,0
4195,1,0,0,0,10,1,0,1,2,2,2,0,2,2,0,1,2,104.4,1081.45,1
2702,1,0,1,0,16,1,0,1,2,2,0,0,0,0,0,0,0,80.75,1321.3,0
428,0,1,0,0,21,0,1,0,2,0,0,0,2,0,0,1,2,41.9,840.1,1
3040,0,0,1,1,27,1,0,0,0,2,0,0,0,0,0,0,3,49.85,1336.15,0
5548,1,1,0,0,31,1,2,1,0,0,2,2,2,0,0,1,0,96.6,2877.95,0
2648,1,0,1,0,66,1,2,1,0,2,0,2,2,2,1,1,2,104.05,6890.0,1
4563,1,0,1,1,10,0,1,0,2,2,2,2,0,2,2,0,1,53.7,521.0,0
3284,0,0,1,0,21,1,0,1,0,0,2,2,0,0,1,0,2,79.2,1742.45,0
658,0,0,1,1,62,1,0,2,1,1,1,1,1,1,2,0,0,20.3,1296.15,0
3044,1,0,0,0,18,1,2,1,0,0,0,0,0,0,0,1,0,75.6,1395.05,0
1396,0,0,1,0,64,1,2,1,0,2,2,2,2,2,0,1,2,111.15,6953.4,0
679,1,1,0,1,7,1,0,0,0,0,0,0,0,0,0,1,3,45.75,344.2,0
3693,1,0,0,0,25,1,0,1,2,0,0,0,0,0,0,0,0,74.3,1952.25,0
5915,1,0,0,1,23,0,1,0,2,2,0,2,0,0,1,0,0,40.65,947.4,0
1554,0,0,1,0,72,1,2,1,0,2,2,2,2,2,1,0,1,109.15,7789.6,0
1800,0,0,1,1,68,1,2,1,2,0,2,2,2,2,2,0,1,111.75,7511.3,0
4229,1,0,1,1,47,1,2,2,1,1,1,1,1,1,2,0,3,24.55,1160.45,0
5302,1,0,1,1,7,0,1,0,2,2,2,0,0,0,2,0,3,38.55,280.0,0
5982,1,0,1,1,61,1,0,2,1,1,1,1,1,1,2,0,1,20.55,1305.95,0
2065,0,0,0,0,13,1,2,0,2,0,2,0,2,2,0,1,2,78.75,995.35,0
5418,1,1,0,0,66,1,2,1,0,2,2,2,2,2,1,0,1,110.9,7432.05,1
2981,0,0,0,0,66,1,2,1,0,2,0,0,2,0,1,1,0,88.9,6000.1,0
5562,1,0,1,1,51,1,0,0,2,0,0,2,2,2,1,1,0,76.4,3966.3,0
2083,1,0,0,0,69,1,2,1,2,2,2,0,2,2,2,1,1,110.05,7430.75,0
3546,1,0,1,0,7,1,0,1,0,0,0,0,0,0,0,1,2,69.35,451.1,1
3521,1,0,1,1,72,1,2,0,2,0,0,0,0,0,2,0,0,55.3,3983.6,0
393,0,1,0,0,4,1,0,1,0,2,0,0,0,0,0,0,2,72.75,317.75,0
1636,0,0,1,1,68,1,0,0,2,2,2,2,2,2,2,1,1,85.0,5607.75,0
4968,1,0,1,0,38,1,2,0,0,0,2,2,0,2,1,0,1,69.0,2669.45,0
4762,1,1,0,0,1,0,1,0,0,2,2,0,0,2,0,1,2,43.3,43.3,1
920,0,0,0,0,4,1,0,2,1,1,1,1,1,1,0,0,3,20.05,83.3,0
3187,0,0,1,1,41,1,2,1,0,2,2,2,2,2,1,1,0,109.1,4454.25,0
6663,1,0,0,0,62,1,2,1,2,2,0,0,0,2,1,1,0,92.3,5731.45,0
2430,1,0,1,0,41,1,2,1,0,2,0,0,0,0,0,1,2,80.25,3439.0,0
1898,0,0,0,0,9,1,0,1,0,0,0,0,2,0,0,1,0,77.65,714.15,1
4781,0,0,0,0,15,1,0,0,0,0,0,0,2,0,1,0,3,56.15,931.9,0
6156,1,1,0,0,1,1,0,0,0,0,0,0,0,0,0,0,2,44.0,44.0,0
944,0,0,0,0,46,1,2,1,0,2,2,0,0,2,1,1,2,94.15,4408.45,0
5189,0,0,1,1,23,1,0,1,2,2,0,2,0,0,0,0,3,84.4,1936.85,0
5607,0,0,0,0,25,0,1,0,0,0,2,0,2,2,0,1,2,48.25,1293.8,0
5198,1,0,0,0,13,1,2,1,0,0,0,2,2,2,0,0,2,100.75,1313.25,0
6789,1,0,1,0,72,1,2,1,2,2,2,2,2,2,2,1,1,114.1,8086.4,0
857,1,0,0,0,52,1,0,2,1,1,1,1,1,1,2,0,3,19.65,1025.05,0
1386,0,0,0,0,60,1,2,0,0,0,2,2,2,2,1,0,1,80.55,4847.05,0
3980,0,0,1,0,10,1,2,1,2,0,0,0,0,0,0,1,1,78.15,765.15,0
2180,1,0,0,0,22,1,0,2,1,1,1,1,1,1,1,0,1,20.3,467.15,0
3436,1,0,0,0,56,1,2,0,2,2,0,2,0,0,1,1,0,64.65,3665.55,0
5012,1,1,1,0,4,1,0,1,0,0,0,0,0,0,0,1,2,70.2,280.35,0
1718,0,0,0,0,6,1,0,1,2,2,2,2,0,2,0,1,0,98.15,567.45,1
4179,1,1,0,0,15,1,2,1,0,0,0,0,0,0,0,1,1,74.2,1133.9,1
6766,1,1,1,0,32,1,2,1,0,0,0,0,0,2,0,1,2,85.0,2642.05,1
3467,0,0,0,0,1,1,2,1,0,0,0,0,2,0,0,1,2,84.6,84.6,0
6883,1,0,1,1,64,1,2,1,2,0,2,0,0,2,2,0,0,93.4,5822.3,0
6593,0,1,1,0,33,1,2,1,0,2,0,0,0,0,0,1,0,80.6,2656.5,1
2956,0,0,0,1,21,1,0,0,2,0,2,0,0,2,1,0,3,64.85,1336.8,0
4990,1,1,1,0,29,1,0,1,2,0,2,0,0,2,1,0,0,90.1,2656.7,0
2564,1,0,0,0,2,1,0,0,2,2,0,0,0,0,0,1,3,53.85,108.15,1
5830,1,1,1,1,72,0,1,0,2,2,2,2,2,2,2,1,0,64.8,4732.35,0
836,1,1,1,0,43,1,0,1,0,2,2,0,2,2,1,1,0,100.55,4304.0,0
2667,0,1,1,0,56,1,2,1,0,0,2,0,2,2,0,1,0,100.65,5688.05,1
6796,0,0,0,0,66,1,2,1,0,0,2,0,2,0,1,1,0,92.15,6056.9,0
4001,0,1,1,0,60,1,2,1,0,2,2,0,2,2,0,1,2,105.9,6401.25,0
6512,0,0,1,0,72,1,2,1,2,2,2,2,2,2,2,1,1,113.65,8124.2,0
4919,1,0,0,1,56,1,0,2,1,1,1,1,1,1,1,1,3,21.2,1238.65,0
2975,1,0,0,0,68,1,2,1,0,2,2,2,2,2,1,0,2,108.45,7176.55,1
4939,1,0,0,0,45,1,0,0,2,0,2,0,2,2,0,1,2,75.95,3273.8,0
3762,0,1,0,0,60,1,2,1,2,0,0,0,2,2,1,1,0,101.4,6176.6,0
4289,0,0,0,0,24,0,1,0,0,2,2,0,2,2,0,1,1,54.15,1240.25,1
3245,1,0,1,1,55,1,0,2,1,1,1,1,1,1,1,0,3,19.5,1026.35,0
1700,1,0,1,0,59,0,1,0,0,0,0,0,2,2,0,1,2,44.3,2666.75,0
4861,1,1,1,0,35,1,2,1,0,0,2,0,2,2,0,1,2,100.8,3437.5,0
6397,0,0,0,0,51,0,1,0,0,2,2,0,2,2,1,1,1,56.4,2928.5,0
3595,0,0,1,0,3,1,2,1,0,2,0,0,0,2,0,1,1,91.5,242.95,1
4380,1,0,0,0,46,0,1,0,2,0,0,0,0,0,1,1,0,30.75,1489.3,0
2551,1,0,1,0,22,1,0,1,0,0,2,0,2,2,0,1,1,94.7,1914.9,1
5818,0,1,0,0,32,1,0,1,0,0,0,0,2,2,0,0,2,90.95,2897.95,0
30,1,0,1,1,37,1,0,1,0,0,0,0,2,2,1,0,1,91.2,3247.55,0
4485,1,0,0,0,20,1,2,1,0,0,0,0,2,0,0,1,2,85.25,1734.5,1
6208,1,0,1,1,21,1,0,2,1,1,1,1,1,1,1,0,3,19.8,350.1,0
6,0,1,1,0,71,1,0,1,2,2,2,2,2,2,2,1,0,109.7,7904.25,0
2425,0,0,1,1,67,1,2,0,2,2,0,2,2,0,2,0,1,74.0,4868.4,0
349,0,1,0,0,24,1,0,2,1,1,1,1,1,1,0,1,3,20.3,459.95,0
926,1,0,0,0,14,1,0,2,1,1,1,1,1,1,1,0,3,19.35,324.8,0
1267,1,0,1,0,12,1,0,1,2,0,0,2,0,0,0,0,0,80.85,866.45,1
1895,1,0,0,0,65,1,2,0,0,2,2,2,0,2,2,1,1,74.2,4805.65,0
4791,1,1,0,0,67,1,0,1,2,2,0,2,2,2,2,1,2,105.05,7171.7,0
5762,0,0,0,0,12,1,2,1,2,0,0,0,0,0,0,1,2,79.8,1001.2,0
36,0,0,1,0,55,1,2,1,2,0,0,0,2,0,0,1,0,89.8,4959.6,0
4440,1,0,1,0,68,1,2,0,2,2,2,2,2,2,2,1,1,90.8,6302.85,0
2482,1,0,1,1,34,0,1,0,2,0,0,0,0,0,1,0,0,30.4,938.65,0
5960,1,0,1,0,67,1,0,1,2,2,0,0,2,2,1,1,1,100.9,6733.15,0
1815,1,0,1,1,33,1,0,2,1,1,1,1,1,1,1,1,0,19.45,600.25,0
1679,1,1,0,0,67,1,2,0,2,2,0,2,0,0,2,1,0,64.55,4250.1,0
4251,0,0,0,0,66,1,0,0,2,2,2,0,0,0,2,1,0,61.15,4017.45,0
2991,1,0,0,0,9,1,0,0,2,0,0,2,0,2,0,0,3,64.95,547.8,0
5776,0,0,1,0,72,1,2,0,2,0,2,2,2,2,2,1,0,84.9,6065.3,0
3014,1,0,1,0,72,1,2,2,1,1,1,1,1,1,2,0,3,25.4,1710.9,0
1640,0,0,0,1,62,1,2,1,0,0,2,0,2,2,1,1,2,100.15,6413.65,1
4878,0,0,1,0,64,1,2,0,0,0,2,2,0,0,1,0,0,58.35,3756.45,0
6731,0,0,0,1,16,1,0,1,0,0,0,0,2,0,0,1,2,81.0,1312.15,1
5936,1,0,0,1,1,1,2,1,0,0,0,0,0,0,0,1,2,74.35,74.35,1
2233,1,0,1,0,68,1,2,1,0,2,2,2,2,2,2,1,0,110.0,7611.85,1
5967,1,1,1,0,59,1,0,1,2,2,2,0,0,0,1,1,1,82.95,4903.15,0
570,0,0,0,0,30,1,0,2,1,1,1,1,1,1,2,0,1,19.4,578.5,0
3255,1,0,1,0,70,1,2,0,2,0,2,2,0,2,2,1,1,74.8,5315.8,0
5092,1,1,0,0,13,1,0,1,0,0,0,0,2,2,0,1,2,90.5,1201.15,1
5230,1,0,1,0,72,1,2,1,2,2,2,2,2,2,2,0,1,114.45,8375.05,0
684,0,1,1,0,66,1,2,1,0,2,0,0,2,2,0,1,2,100.8,6690.75,0
5182,1,0,0,0,1,1,0,2,1,1,1,1,1,1,0,1,0,19.65,19.65,0
6071,1,1,1,1,72,1,2,1,2,2,2,2,2,2,2,1,1,115.75,8399.15,0
5608,1,0,1,0,71,1,2,0,2,2,2,2,0,2,2,0,1,80.4,5727.15,0
4387,1,0,1,1,72,1,2,2,1,1,1,1,1,1,2,0,1,24.75,1859.1,0
6273,1,0,0,0,3,1,0,0,0,0,2,0,0,0,0,1,2,49.15,169.05,1
375,0,0,1,0,29,1,0,2,1,1,1,1,1,1,2,1,3,19.55,521.8,0
4928,1,0,1,1,31,0,1,0,2,0,2,2,2,2,1,0,2,59.95,1848.8,0
6337,0,0,0,0,1,1,0,2,1,1,1,1,1,1,0,0,3,20.15,20.15,0
6194,0,1,1,1,71,1,2,0,2,2,0,0,2,0,1,0,2,69.2,4982.5,0
1763,1,0,0,0,44,1,0,1,0,0,2,2,2,2,2,0,0,100.1,4378.35,0
168,1,0,1,1,23,1,2,2,1,1,1,1,1,1,1,0,3,24.35,538.5,0
6456,0,0,1,1,35,1,0,1,2,0,2,2,2,2,0,1,2,106.9,3756.45,0
5392,0,0,1,1,72,1,2,1,2,0,2,2,2,2,2,1,0,110.45,8058.85,0
4265,0,1,0,0,26,1,2,1,0,2,0,0,2,0,0,1,2,89.15,2277.65,1
3988,0,0,0,0,1,1,0,2,1,1,1,1,1,1,0,0,3,20.95,20.95,1
621,1,0,1,0,61,1,2,0,2,2,2,2,0,2,2,1,0,80.8,4860.85,0
2208,1,0,1,1,53,1,0,1,0,2,0,2,2,0,0,1,2,92.55,4779.45,0
6478,0,0,0,0,10,1,2,1,2,0,0,0,2,2,0,1,2,98.7,973.25,1
6562,1,0,0,0,8,1,0,0,0,0,0,0,0,0,0,0,3,43.55,335.4,0
2412,0,1,1,0,19,1,2,1,0,0,0,0,2,2,0,1,2,94.95,1760.25,0
1520,0,0,1,1,48,1,0,2,1,1,1,1,1,1,2,0,3,19.55,883.35,0
113,0,0,1,1,69,1,2,1,2,0,2,0,0,0,1,0,0,84.45,5848.6,0
1821,0,0,1,1,10,1,0,1,0,0,0,0,2,2,0,1,2,88.85,929.45,0
2081,0,1,1,0,70,1,2,1,2,0,0,0,0,2,0,1,2,90.85,6470.1,0
808,1,0,1,1,53,1,2,0,2,2,0,2,0,0,1,0,0,64.15,3491.55,0
302,1,0,1,0,48,1,0,2,1,1,1,1,1,1,2,1,3,20.05,1036.0,0
399,1,0,1,1,13,1,0,2,1,1,1,1,1,1,0,1,3,19.85,252.0,0
1976,0,1,0,0,20,1,2,1,0,0,0,0,0,2,0,1,1,85.8,1727.5,1
4797,1,1,0,0,30,1,2,1,2,0,0,0,0,2,0,1,1,90.5,2595.85,0
2668,0,1,0,0,13,1,2,1,0,0,0,0,2,2,0,1,2,95.05,1290.0,1
5948,0,0,1,1,15,1,0,2,1,1,1,1,1,1,0,0,3,20.05,284.3,0
488,1,1,0,0,57,1,2,1,2,0,0,2,0,2,2,0,2,93.75,5625.55,0
2215,0,0,1,1,50,1,0,2,1,1,1,1,1,1,2,0,0,20.15,930.9,0
89,0,1,0,0,27,1,2,1,0,2,2,0,0,0,0,1,0,86.45,2401.05,0
6658,0,0,0,0,28,1,2,0,2,0,2,0,0,0,1,0,3,59.0,1654.45,0
6458,0,0,1,0,26,0,1,0,2,2,2,0,2,0,1,0,0,47.85,1190.5,0
2990,1,1,0,0,19,1,2,1,0,0,2,0,0,0,0,1,2,79.85,1471.75,1
528,0,0,1,1,71,0,1,0,2,2,0,2,2,2,2,0,0,59.7,4122.65,0
6260,1,0,0,0,33,1,0,2,1,1,1,1,1,1,2,0,3,20.35,689.75,0
1195,1,0,0,0,1,1,0,1,0,0,0,0,2,0,0,1,2,79.55,79.55,1
5506,1,0,0,0,55,1,0,0,0,2,0,2,0,2,1,1,2,64.2,3627.3,0
57,1,0,0,0,27,1,0,2,1,1,1,1,1,1,0,1,2,19.4,529.8,0
3022,0,1,1,0,70,1,2,1,0,2,0,2,2,2,1,1,0,105.55,7195.35,0
3308,0,1,0,0,2,1,0,1,0,0,0,0,0,2,0,1,2,79.6,195.05,1
5829,0,0,0,0,23,1,0,2,1,1,1,1,1,1,0,1,0,20.3,470.6,0
2758,0,0,0,0,41,1,0,0,0,0,0,2,0,0,1,0,0,50.05,2029.05,0
5018,0,0,1,0,9,1,0,0,0,2,0,0,0,0,0,0,3,50.85,466.6,0
1318,1,0,0,0,10,1,2,1,0,2,2,0,0,2,0,1,2,95.25,1021.55,0
990,0,0,1,0,10,1,0,0,0,0,2,0,2,2,0,1,1,67.8,653.15,0
911,1,0,1,0,70,1,2,1,2,2,2,0,2,0,2,1,1,99.35,6944.5,0
1123,1,0,0,1,6,1,0,2,1,1,1,1,1,1,0,1,3,20.2,98.35,0
5577,1,0,0,0,22,1,2,0,2,2,0,0,0,0,0,0,2,59.0,1254.7,1
5595,0,0,1,1,69,1,0,2,1,1,1,1,1,1,2,0,1,19.8,1436.95,0
2252,0,1,0,0,8,1,0,1,0,0,2,0,2,2,0,1,1,94.45,742.95,1
2666,1,0,1,1,21,0,1,0,0,0,0,0,0,0,0,1,2,26.05,565.75,0
5897,1,0,0,0,7,1,0,2,1,1,1,1,1,1,0,1,3,19.4,168.65,0
1722,0,0,1,1,35,1,2,2,1,1,1,1,1,1,2,0,0,24.3,821.6,0
5662,1,0,0,0,24,1,2,1,0,2,0,0,2,0,0,1,1,90.55,2282.55,1
65,1,1,1,1,32,1,0,1,0,2,0,0,2,2,0,1,3,93.95,2861.45,0
1188,1,1,1,0,46,1,2,1,0,0,2,0,2,2,0,1,2,98.85,4564.9,0
1761,0,0,0,0,1,1,0,2,1,1,1,1,1,1,0,0,1,19.55,19.55,0
1306,0,0,0,0,68,1,2,1,2,2,0,2,2,2,2,0,1,110.25,7279.35,0
6250,0,0,1,1,30,1,0,0,0,0,2,2,2,0,1,1,2,64.5,1985.15,0
3904,0,0,0,0,1,1,0,1,0,0,0,0,2,0,0,1,2,80.25,80.25,1
6540,1,0,1,1,13,1,2,1,0,0,0,0,0,0,0,1,1,74.4,896.75,1
457,0,0,0,0,1,1,0,2,1,1,1,1,1,1,0,1,3,20.25,20.25,0
691,1,0,0,0,57,1,0,0,2,0,2,0,2,2,2,1,0,74.35,4317.35,0
2310,1,0,0,1,1,1,0,2,1,1,1,1,1,1,0,1,3,19.2,19.2,0
15,0,0,1,1,71,1,2,1,0,2,2,0,0,2,2,1,1,95.75,6849.4,0
2922,0,0,1,1,41,1,0,0,0,2,0,2,0,2,1,1,0,66.5,2728.6,1
6257,1,0,0,0,18,1,2,1,0,2,0,0,0,0,0,1,2,80.65,1451.9,1
6061,0,0,0,0,41,1,2,0,2,0,2,2,0,2,0,1,0,74.65,3090.65,0
6651,1,0,0,0,4,1,2,0,0,0,0,0,0,0,0,0,3,50.4,206.6,1
4049,1,0,1,0,71,1,0,0,2,0,2,2,2,2,2,1,2,82.55,5832.65,0
3853,1,1,1,0,30,1,2,1,0,0,0,0,0,0,0,0,3,77.9,2351.45,0
2974,1,1,1,1,60,1,2,1,2,2,0,0,0,2,0,1,2,93.25,5774.55,0
6661,1,0,1,1,70,1,0,0,2,2,2,0,2,2,2,1,1,80.15,5600.15,0
5258,0,0,1,1,72,1,2,0,2,2,2,2,2,2,2,0,1,89.8,6510.45,0
5493,1,0,0,0,43,1,0,1,2,0,0,0,0,0,0,1,2,75.2,3198.6,1
5573,1,1,1,0,13,1,2,1,2,2,0,0,0,2,0,0,1,93.8,1261.0,0
400,1,0,1,1,64,1,2,1,2,2,2,0,0,0,0,1,2,91.8,5960.5,0
6656,1,0,1,1,35,1,2,1,0,2,0,0,2,0,0,1,0,89.65,3161.6,0
66,1,0,1,1,16,1,2,1,0,0,2,0,2,0,0,1,0,90.8,1442.2,0
994,1,0,1,0,70,1,2,1,2,2,2,2,2,2,1,0,1,115.65,7968.85,1
48,1,0,0,0,1,1,0,0,0,0,0,0,0,0,0,1,3,44.3,44.3,0
4106,0,0,1,1,39,1,0,2,1,1,1,1,1,1,2,0,3,19.75,757.95,0
4534,1,0,0,1,62,1,0,0,2,2,0,0,0,0,1,0,0,56.15,3487.95,0
1670,1,0,0,0,22,1,2,0,2,0,0,0,0,0,0,1,2,54.45,1127.35,1
2709,1,0,0,0,23,1,2,1,0,0,0,0,0,0,0,1,2,74.95,1710.45,1
631,1,0,0,0,7,1,0,1,0,0,2,0,0,0,0,0,3,74.65,544.55,1
4833,0,0,0,0,47,0,1,0,2,2,0,2,0,0,1,0,1,39.65,1798.65,0
1894,0,0,0,0,47,1,0,1,2,0,2,2,2,2,1,1,2,103.7,4730.6,0
609,1,0,0,0,23,1,0,0,0,0,0,0,2,2,1,1,0,64.9,1509.8,0
6271,1,0,1,1,39,1,2,2,1,1,1,1,1,1,2,0,3,25.2,987.95,0
1172,1,0,0,1,1,1,0,2,1,1,1,1,1,1,0,1,3,19.45,19.45,1
4826,1,0,1,1,18,0,1,0,0,0,0,0,0,0,0,0,1,25.55,467.85,0
245,0,0,0,0,3,1,0,0,0,0,0,0,0,0,0,0,2,44.6,122.7,0
974,0,0,1,1,3,1,0,2,1,1,1,1,1,1,2,0,3,19.1,52.0,0
309,0,0,0,0,13,0,1,0,0,0,2,2,0,0,2,0,3,35.4,450.4,0
6387,0,1,1,0,65,1,2,1,2,2,2,0,2,2,0,1,1,109.4,7227.45,0
506,1,0,1,0,72,1,2,1,2,2,2,0,0,2,2,1,2,99.15,7422.1,0
2537,0,0,0,0,15,0,1,0,0,2,0,0,0,2,2,1,3,38.8,603.0,0
3544,1,0,0,0,27,1,2,1,0,0,2,0,0,0,0,1,2,81.3,2272.8,0
3733,1,0,1,0,72,1,2,0,2,2,2,2,2,2,2,1,1,90.25,6369.45,0
5932,0,0,0,0,7,1,0,1,0,0,2,0,2,2,0,1,2,95.35,660.9,1
3388,1,0,1,0,29,1,2,1,0,2,0,0,0,0,0,1,0,80.15,2265.25,1
4203,0,1,0,0,17,1,2,1,0,0,0,0,2,2,0,1,2,94.2,1608.15,0
5197,1,0,0,0,2,1,2,1,0,2,0,0,0,0,0,1,2,82.0,184.65,1
6100,0,0,1,1,72,1,2,1,2,2,0,0,2,0,2,1,0,95.9,6954.15,0
4118,1,0,1,1,56,1,2,1,0,2,0,2,2,0,0,1,1,96.95,5432.2,0
3617,0,0,1,0,62,1,0,0,2,2,2,0,2,0,2,1,1,72.0,4284.2,0
4444,0,0,0,0,26,1,0,0,0,2,2,0,0,0,0,1,1,54.75,1406.9,0
3676,1,0,0,0,10,1,0,1,0,0,0,2,2,2,0,1,1,95.1,865.1,0
4759,1,0,0,0,11,1,0,2,1,1,1,1,1,1,2,0,3,20.4,231.45,0
3530,0,0,1,1,67,0,1,0,2,2,2,2,2,0,2,0,1,54.2,3623.95,0
3504,0,0,1,0,2,1,0,0,0,0,0,0,0,0,0,1,1,44.6,80.55,1
6044,1,0,1,0,40,1,2,1,0,2,2,0,2,2,1,1,0,106.0,4178.65,0
6567,1,1,1,0,7,1,2,1,0,0,0,0,0,0,0,1,2,74.85,485.25,0
2612,0,0,0,0,27,1,0,2,1,1,1,1,1,1,2,1,3,19.6,561.15,0
2710,0,0,1,0,40,1,2,1,2,0,2,0,2,2,1,0,0,105.75,4228.55,0
4353,0,0,0,0,48,0,1,0,2,2,0,0,2,0,0,1,2,44.8,2104.55,0
654,0,0,0,0,7,1,0,1,0,0,0,0,0,0,0,1,3,69.9,497.3,0
1623,1,0,0,0,36,1,2,1,0,0,0,0,0,2,0,1,2,84.75,3050.15,1
6281,1,0,0,0,35,1,0,2,1,1,1,1,1,1,1,0,0,20.6,754.0,0
673,0,0,1,0,33,1,0,0,0,0,0,2,0,0,1,1,3,51.45,1758.9,0
1358,1,0,1,0,63,1,2,1,0,0,2,0,2,2,2,0,2,102.6,6296.75,0
5939,0,1,0,0,1,1,0,1,0,0,0,0,0,0,0,1,2,69.6,69.6,1
82,0,0,0,0,2,1,0,1,2,2,0,2,0,0,0,1,2,86.25,181.65,1
2226,1,0,0,0,66,1,0,1,2,0,2,2,2,2,2,1,0,105.65,6844.5,0
2830,1,1,1,0,29,1,2,1,0,0,2,0,2,2,0,1,2,98.5,3004.15,1
5185,0,0,0,1,4,1,0,1,0,0,2,2,2,2,0,1,0,98.1,396.3,1
3027,0,0,0,0,39,1,0,0,0,0,0,2,0,2,1,0,2,59.3,2209.15,0
390,0,0,1,0,16,1,2,1,2,2,2,0,0,0,0,0,2,90.7,1374.9,0
3189,1,0,0,0,9,1,0,2,1,1,1,1,1,1,0,0,3,20.4,181.8,0
768,0,0,1,1,48,0,1,0,2,2,0,2,0,0,2,0,3,39.4,1978.65,0
3095,0,0,1,1,5,1,0,1,0,0,0,2,2,0,0,1,2,85.75,470.95,1
1190,1,1,1,0,22,1,0,1,0,0,0,0,2,2,0,1,0,89.75,1938.9,0
4441,1,1,0,0,32,1,2,1,0,0,2,0,0,0,0,1,1,81.1,2619.25,0
126,1,0,1,1,4,1,2,1,0,2,2,0,0,0,0,1,0,84.8,371.9,1
4619,0,0,0,0,23,1,2,2,1,1,1,1,1,1,1,0,1,24.8,615.35,0
2160,1,0,0,0,18,1,2,1,0,0,0,0,0,0,0,0,3,74.15,1387.0,0
446,1,0,0,0,29,1,0,0,0,0,2,0,0,0,0,0,0,48.95,1323.7,0
6123,0,0,1,0,46,0,1,0,2,2,0,0,2,0,0,0,2,45.55,2062.15,0
5643,1,0,0,0,27,1,0,2,1,1,1,1,1,1,0,1,1,19.4,460.25,0
3229,0,1,0,0,69,1,2,1,2,0,2,2,2,2,2,0,1,110.25,7467.55,0
3796,1,0,0,1,37,1,0,0,2,2,0,2,0,0,2,0,1,61.45,2302.35,0
5879,1,0,1,0,72,1,2,1,2,2,2,2,2,2,2,1,2,115.55,8425.3,0
5492,0,0,1,1,72,1,2,1,0,2,2,2,0,2,2,1,0,98.65,7129.45,0
615,1,0,0,0,56,1,2,1,2,0,0,2,2,2,0,1,3,105.35,5794.45,0
2605,1,0,1,0,38,1,2,1,2,0,0,0,2,0,0,0,0,91.7,3479.05,0
6174,1,0,0,0,1,1,0,1,0,0,0,0,2,0,0,1,2,78.95,78.95,1
2873,1,0,1,0,20,1,0,2,1,1,1,1,1,1,1,0,3,20.65,417.5,0
4609,1,1,1,0,7,1,2,1,2,2,0,0,0,2,0,1,1,94.7,673.1,1
3239,1,0,1,0,34,1,2,1,0,2,0,0,0,2,0,0,3,88.85,3000.25,0
4148,0,0,0,0,10,1,0,2,1,1,1,1,1,1,0,0,3,18.85,163.2,0
2695,0,0,1,1,72,1,0,1,2,2,2,2,2,2,2,1,1,109.5,7854.9,0
2737,1,0,0,0,68,0,1,0,0,0,2,0,0,2,0,1,0,39.9,2796.35,0
5062,0,0,1,0,72,1,2,2,1,1,1,1,1,1,2,0,0,24.65,1830.05,0
5176,1,1,0,0,24,1,2,1,0,2,0,0,0,0,0,1,2,80.5,2088.45,0
3209,0,0,0,0,53,0,1,0,2,2,2,2,2,0,1,1,2,53.6,2879.2,0
3776,0,0,0,0,41,1,2,1,0,0,2,0,2,2,0,0,0,98.05,3990.6,0
4169,1,0,0,0,9,1,0,1,0,0,0,0,0,0,0,0,3,70.05,657.5,0
1008,1,0,1,0,52,1,2,1,2,0,2,2,0,0,2,1,1,91.6,4627.8,0
1783,1,0,0,0,6,0,1,0,0,2,0,0,0,0,0,1,1,30.5,208.7,1
4665,0,1,1,0,15,1,0,1,0,2,0,0,2,2,0,1,2,94.65,1285.05,0
6172,1,1,0,0,25,1,2,1,0,2,0,0,2,0,0,1,2,89.5,2196.15,1
6599,0,0,1,0,54,1,2,0,0,0,0,0,2,2,1,1,1,70.15,3715.65,1
1664,1,1,1,0,44,1,0,2,1,1,1,1,1,1,2,1,1,19.35,847.25,0
2459,1,0,0,0,24,1,0,0,0,0,2,0,0,0,0,1,3,49.7,1167.8,0
192,1,1,0,0,71,1,2,1,0,2,0,2,2,2,1,0,0,105.75,7382.85,0
2547,1,1,1,0,7,1,2,1,0,0,0,0,2,2,0,1,0,95.6,644.35,1
6355,0,0,0,0,3,0,1,0,0,0,0,0,0,0,0,0,2,25.25,58.9,1
1210,0,0,0,0,10,1,0,2,1,1,1,1,1,1,0,1,3,20.55,187.35,0
5457,0,1,0,0,3,1,0,0,0,0,0,0,0,0,0,0,2,45.0,127.1,1
2062,0,0,0,0,2,0,1,0,0,2,0,0,2,2,0,0,2,51.4,96.8,0
2073,0,0,1,1,2,1,0,1,0,2,0,0,0,0,0,1,0,73.55,145.4,1
2516,1,0,1,0,3,0,1,0,2,0,0,2,0,0,0,0,3,35.1,101.1,0
1220,0,0,0,1,5,1,0,0,0,0,0,0,0,0,0,0,3,46.0,221.7,1
6945,1,0,0,0,72,1,2,1,0,2,2,0,2,2,2,1,0,100.9,7459.05,0
2185,0,0,1,1,14,1,0,2,1,1,1,1,1,1,1,0,3,19.55,294.5,0
3417,0,1,0,0,56,1,2,1,0,2,2,0,2,2,0,0,2,104.75,5841.35,0
4676,1,0,0,0,2,1,0,2,1,1,1,1,1,1,1,0,1,19.3,28.3,1
5988,0,1,0,0,66,1,2,1,0,2,0,0,0,0,0,1,1,80.45,5224.35,1
2253,0,1,1,0,72,1,2,0,2,2,2,2,2,2,2,0,1,89.1,6352.4,0
1439,0,0,0,0,18,1,0,1,2,0,0,0,0,0,0,1,2,75.4,1380.4,0
5316,1,0,1,0,14,1,2,1,0,0,0,0,2,0,0,1,2,86.1,1235.55,1
4879,1,0,0,0,40,1,0,0,2,0,2,0,0,2,0,0,2,67.45,2731.0,0
2240,0,0,1,0,67,1,2,1,2,0,2,2,2,2,1,1,2,111.25,7511.65,0
3690,1,0,1,1,35,1,0,1,0,2,0,2,2,0,1,1,2,89.7,3165.6,0
5436,1,0,1,0,71,1,2,0,2,2,2,2,0,2,2,1,3,80.1,5585.4,0
5804,1,1,1,0,69,0,1,0,2,2,0,0,2,2,2,0,1,56.55,3952.65,0
1686,0,0,0,0,11,1,0,0,2,0,2,0,0,2,0,0,0,64.05,733.95,0
6772,0,0,0,0,22,1,0,2,1,1,1,1,1,1,1,1,3,19.25,412.55,0
160,0,0,0,1,9,1,0,0,0,0,2,2,2,2,0,1,3,72.9,651.4,1
5785,1,0,0,0,34,1,0,0,0,2,0,0,0,0,0,1,2,49.8,1734.2,0
4054,0,0,1,1,0,1,0,0,2,2,2,0,2,2,2,0,3,80.85,2283.3004408418656,0
4452,0,0,0,0,9,1,0,2,1,1,1,1,1,1,0,0,3,20.25,186.15,0
6386,1,0,0,0,26,1,2,0,2,2,0,0,0,0,1,0,2,61.55,1581.95,0
5096,1,0,1,0,67,1,2,1,0,2,2,0,0,2,2,1,2,93.15,6368.2,0
3264,1,0,0,0,1,1,0,2,1,1,1,1,1,1,0,1,3,19.3,19.3,1
5242,1,0,0,0,22,1,2,1,0,2,0,0,2,2,0,1,2,100.65,2415.95,0
4138,0,0,0,0,68,1,0,2,1,1,1,1,1,1,2,0,0,20.05,1386.9,0
4292,1,0,0,0,5,1,0,1,0,0,0,0,0,0,0,1,2,69.7,316.9,1
6096,1,0,0,0,9,1,0,2,1,1,1,1,1,1,1,1,3,20.15,163.7,0
6191,0,0,1,1,57,1,0,2,1,1,1,1,1,1,2,0,0,19.5,1167.6,0
5602,0,0,1,0,19,1,0,0,0,0,0,0,0,0,0,0,3,44.9,839.65,0
6057,0,0,0,0,8,1,0,1,0,2,0,0,0,0,0,0,2,75.6,535.55,0
730,0,0,0,1,7,1,0,1,0,0,0,0,0,0,0,1,2,71.05,472.65,0
4459,0,0,1,1,20,1,2,2,1,1,1,1,1,1,0,1,0,25.55,507.4,0
520,1,0,0,0,46,0,1,0,0,0,2,2,0,0,1,0,1,33.7,1537.85,0
6239,0,0,1,0,58,1,2,1,2,2,0,2,2,2,2,1,1,109.1,6393.65,0
1792,1,0,0,0,64,1,0,2,1,1,1,1,1,1,2,0,3,19.55,1240.15,0
4079,1,0,0,0,3,1,2,1,0,2,2,0,2,2,0,0,3,107.95,313.6,0
4386,1,0,0,0,5,0,1,0,0,0,0,0,0,0,0,0,3,24.3,100.2,0
3508,0,0,1,0,71,1,0,0,2,2,2,2,2,2,2,1,1,84.4,5969.3,0
963,0,0,1,1,21,1,0,1,0,2,0,0,0,0,0,1,0,74.05,1565.7,1
7007,0,0,0,0,1,1,0,1,0,0,2,0,0,0,0,0,2,75.3,75.3,1
3072,1,1,0,0,5,1,0,1,0,2,0,0,0,2,0,1,2,85.55,408.5,0
5101,1,0,0,0,67,1,0,2,1,1,1,1,1,1,2,1,3,19.8,1311.3,0
122,0,0,1,0,70,0,1,0,0,2,2,2,2,2,2,0,0,57.8,4039.3,0
2936,1,0,0,0,26,1,2,0,0,0,0,0,0,0,1,1,1,51.55,1295.4,0
6313,1,0,0,0,1,1,0,1,2,0,0,0,0,2,0,1,3,84.6,84.6,1
7020,1,1,0,0,21,1,0,1,0,0,2,0,2,2,0,1,0,96.8,2030.3,1
3877,1,0,1,1,19,1,2,1,0,0,2,2,2,2,0,0,2,103.3,2012.7,1
2849,0,0,0,0,1,1,0,0,0,2,0,0,0,0,0,0,2,49.5,49.5,0
2400,1,0,0,0,1,1,0,1,0,0,0,0,0,0,0,1,2,69.35,69.35,1
4397,0,0,1,1,29,1,2,2,1,1,1,1,1,1,2,0,3,26.1,692.55,0
3482,0,0,0,0,13,1,0,0,2,0,0,0,2,2,0,1,2,71.95,923.85,0
2961,1,0,0,0,6,1,2,1,0,0,0,0,0,0,0,1,2,74.9,469.8,1
4226,0,0,0,0,12,1,0,2,1,1,1,1,1,1,1,1,0,19.35,219.35,0
5375,0,0,1,0,1,0,1,0,0,2,0,0,0,0,0,1,2,29.85,29.85,0
1535,1,0,0,0,33,1,2,1,2,0,0,0,0,0,1,0,0,80.1,2603.3,0
2194,0,0,1,0,6,1,0,0,0,0,0,2,0,0,0,1,2,49.15,270.8,1
140,0,0,0,0,60,1,2,1,0,0,2,0,0,0,1,1,0,79.2,4765.0,0
3939,1,0,0,0,4,1,0,0,0,0,0,0,2,0,0,1,2,56.4,234.85,0
5860,1,0,0,0,43,1,2,2,1,1,1,1,1,1,2,0,0,26.45,1110.05,0
6133,1,0,0,0,1,1,0,1,0,0,0,2,0,0,0,0,2,74.0,74.0,0
2098,0,0,0,0,2,1,0,2,1,1,1,1,1,1,0,1,0,20.7,39.85,0
5722,0,1,0,0,9,1,2,1,0,0,0,0,0,2,0,1,2,84.45,762.5,1
3137,1,0,0,0,26,0,1,0,0,0,2,2,0,0,0,0,2,35.75,1022.5,0
3694,0,0,1,0,26,1,0,1,0,0,0,2,0,2,0,0,1,85.9,2196.45,0
3105,1,0,1,1,15,1,0,2,1,1,1,1,1,1,1,1,3,19.5,239.75,0
854,0,0,0,0,67,1,2,2,1,1,1,1,1,1,2,1,3,26.1,1759.55,0
3637,0,0,1,0,64,1,0,0,2,2,2,2,0,2,2,1,3,74.35,4759.55,0
4213,1,0,1,1,4,1,0,0,0,0,0,2,0,2,0,0,1,61.45,229.55,1
6038,1,0,1,1,21,1,2,0,2,2,0,2,2,0,1,0,3,77.5,1625.0,1
6845,1,0,1,1,29,1,0,1,0,0,0,0,0,0,0,1,2,70.75,1974.8,1
2218,0,0,1,0,46,1,0,0,0,2,0,2,2,0,2,1,1,64.2,3009.5,0
788,0,0,1,1,60,1,2,1,2,2,0,0,2,0,1,0,0,94.15,5811.8,0
6241,0,0,1,1,1,1,0,1,0,0,0,0,2,0,0,1,3,80.05,80.05,1
5067,1,0,0,0,46,1,2,1,0,0,0,0,0,0,0,0,0,72.8,3249.4,0
3982,0,0,0,0,15,1,2,1,2,0,2,0,0,0,0,1,1,84.35,1302.65,0
418,1,0,1,0,72,1,2,1,2,0,2,2,2,2,2,1,1,111.9,8071.05,0
6293,1,0,0,1,2,1,0,0,0,0,0,0,0,2,0,1,2,55.3,108.65,0
557,0,0,0,0,2,0,1,0,0,0,0,0,0,2,0,1,2,34.7,62.25,1
6697,0,0,1,0,10,1,0,2,1,1,1,1,1,1,0,1,3,20.55,252.75,0
110,1,0,1,0,10,1,2,1,0,0,0,0,0,2,0,1,2,85.25,855.3,1
4285,0,0,1,0,72,0,1,0,0,2,2,0,2,2,2,1,2,54.2,3937.45,1
3708,0,1,1,0,31,1,2,1,0,0,0,0,0,2,0,1,2,84.85,2633.4,0
6421,0,0,0,0,11,1,0,1,0,2,2,2,0,2,0,1,2,94.2,999.9,0
6950,0,0,0,0,34,1,0,2,1,1,1,1,1,1,0,0,3,20.35,673.2,0
2483,1,1,0,0,1,1,2,1,0,0,0,0,0,0,0,1,2,74.4,74.4,1
2930,0,1,1,1,3,1,0,1,2,0,0,2,2,0,0,1,3,88.3,273.75,1
4579,0,0,1,0,71,1,2,0,2,2,2,2,2,2,2,0,0,87.95,6365.35,0
5908,0,0,0,0,65,0,1,0,2,0,2,2,2,2,2,0,1,59.95,3921.1,0
1937,1,0,0,0,26,0,1,0,2,0,0,2,2,2,1,0,1,54.55,1362.85,0
3276,1,0,1,0,44,1,0,0,0,2,2,2,2,0,1,1,2,70.95,3250.45,0
6201,0,0,0,0,9,1,0,0,0,0,0,0,0,0,0,1,0,44.2,403.35,1
6066,1,0,0,1,70,1,2,0,2,2,0,2,0,0,1,0,0,64.95,4551.5,0
665,0,0,1,0,69,1,2,2,1,1,1,1,1,1,2,0,0,24.25,1641.8,0
5806,0,0,0,0,31,1,0,2,1,1,1,1,1,1,2,0,1,20.9,689.35,0
4492,1,0,0,0,71,1,2,1,0,0,2,2,0,0,2,1,1,86.4,6172.0,0
4370,0,0,0,0,2,1,0,1,0,0,0,0,0,0,0,0,0,69.75,144.55,1
5527,0,0,1,1,72,0,1,0,2,2,2,2,2,2,2,1,1,65.2,4784.45,0
4480,1,0,1,0,49,1,0,1,0,2,0,0,2,2,2,1,2,94.8,4690.65,0
6811,1,0,1,0,71,1,2,2,1,1,1,1,1,1,2,1,2,24.5,1816.2,0
2560,1,0,0,0,62,1,0,0,2,2,0,0,2,2,1,1,1,74.3,4698.05,0
3256,1,0,0,0,69,1,2,2,1,1,1,1,1,1,2,0,0,23.95,1713.1,0
1699,0,0,0,0,29,1,2,1,0,0,0,0,0,0,0,1,1,76.0,2215.25,0
6602,0,0,1,0,72,1,2,0,2,2,2,0,2,2,2,1,1,82.65,5919.35,0
1153,1,1,1,0,19,1,0,0,2,0,2,0,2,0,0,0,0,66.4,1286.05,0
6303,0,0,0,0,37,1,0,2,1,1,1,1,1,1,2,0,3,19.85,784.25,0
6500,0,1,0,0,14,1,2,1,0,2,2,0,2,2,0,1,2,104.85,1531.4,1
2539,0,0,1,0,13,1,0,0,0,0,0,0,0,0,1,0,2,43.8,592.65,0
93,0,0,0,0,1,1,0,1,0,0,0,0,0,0,0,0,3,70.9,70.9,1
4044,1,1,0,0,71,1,2,2,1,1,1,1,1,1,2,1,3,24.65,1766.75,0
3866,1,0,1,1,12,1,0,2,1,1,1,1,1,1,2,0,3,19.7,258.35,0
4160,1,0,0,0,19,1,2,1,0,2,0,0,2,2,0,1,2,99.95,1931.75,1
3225,1,0,0,0,44,1,0,2,1,1,1,1,1,1,2,0,1,20.4,905.55,0
1695,1,0,1,0,6,1,0,1,0,2,2,0,0,2,0,1,2,91.0,531.0,1
989,0,0,0,0,29,0,1,0,0,2,0,0,0,0,0,1,2,30.6,856.35,1
3373,0,0,1,0,1,1,0,1,0,0,0,0,0,0,0,1,2,68.95,68.95,1
5719,0,0,1,0,6,1,0,2,1,1,1,1,1,1,0,0,0,19.5,146.3,1
3938,1,0,0,0,1,1,0,1,0,0,0,0,0,0,0,1,2,69.9,69.9,0
1197,1,0,0,0,3,1,0,0,0,0,0,2,0,0,0,1,3,50.5,147.75,0
1360,0,0,0,0,1,1,0,1,0,0,2,0,0,0,0,1,3,74.6,74.6,1
6007,1,0,1,1,62,1,2,1,2,2,2,2,2,2,2,0,0,115.55,7159.05,0
252,0,0,0,0,3,1,0,1,0,0,0,2,0,2,0,0,2,85.8,272.2,1
5335,1,1,0,0,63,1,2,1,2,2,2,0,2,2,0,1,0,109.4,7031.45,0
3829,0,0,0,0,38,1,0,2,1,1,1,1,1,1,1,0,3,20.05,678.2,0
6970,0,0,1,0,28,1,2,2,1,1,1,1,1,1,1,0,3,25.55,672.2,0
6547,0,0,1,1,57,1,2,0,2,0,2,2,2,2,2,1,2,84.5,4845.4,0
1367,0,0,1,0,63,1,2,1,0,2,2,2,2,2,0,1,2,108.75,6871.7,0
5922,0,0,0,0,14,1,0,1,0,2,0,0,0,2,0,1,2,86.3,1180.95,1
6783,0,0,0,0,4,0,1,0,2,0,0,0,0,0,0,1,3,29.15,110.05,0
3772,1,0,0,0,46,1,0,2,1,1,1,1,1,1,2,0,2,19.95,907.05,0
3046,0,0,0,0,41,1,2,1,2,2,2,2,2,2,0,1,0,114.5,4527.45,1
4230,1,0,0,0,2,1,0,0,0,0,0,0,0,0,0,1,0,46.6,87.9,0
4976,1,0,1,1,71,1,0,0,2,2,2,2,2,2,2,0,0,85.45,6029.9,0
6607,1,1,1,0,12,1,0,1,0,0,0,0,0,2,0,1,2,80.45,950.2,1
5213,1,0,1,0,27,1,2,0,2,0,0,2,2,2,1,0,3,80.85,2204.35,0
453,1,1,1,0,34,1,0,1,0,0,2,0,2,0,0,1,1,85.2,2874.45,0
4434,0,0,1,0,37,1,2,0,2,0,2,2,0,0,1,0,1,68.1,2479.25,0
5005,1,0,1,0,24,1,0,1,2,0,0,2,0,2,0,1,2,89.25,2210.2,0
1571,0,0,0,0,29,1,0,0,2,0,2,2,0,0,1,0,1,58.0,1734.5,0
4842,1,0,0,0,28,1,0,2,1,1,1,1,1,1,1,0,1,18.25,534.7,0
1167,1,0,1,1,53,1,0,2,1,1,1,1,1,1,1,0,1,20.2,1068.15,0
379,1,0,0,0,9,1,2,1,0,0,0,0,2,2,0,1,2,95.5,829.1,1
6291,1,0,1,1,47,1,0,2,1,1,1,1,1,1,1,0,3,20.05,951.55,0
3594,0,0,1,0,47,1,0,2,1,1,1,1,1,1,2,0,0,19.65,921.55,0
291,1,0,1,0,22,1,0,1,0,0,2,0,2,0,0,1,0,87.0,1850.65,0
4026,1,0,1,1,71,1,0,0,0,2,0,2,2,2,2,1,1,73.35,5154.5,0
5554,1,0,0,0,63,1,2,1,0,2,0,0,0,2,1,0,1,90.45,5825.5,0
6696,0,0,0,0,35,1,0,2,1,1,1,1,1,1,1,0,3,20.75,700.45,0
2866,1,0,0,0,9,1,0,2,1,1,1,1,1,1,0,0,3,20.25,178.5,1
1616,0,1,0,0,28,1,2,1,0,0,2,2,2,2,0,1,2,103.3,2890.65,1
2155,1,0,0,0,61,1,2,1,2,0,2,2,2,2,2,1,1,111.6,6876.05,1
5280,1,0,1,1,55,1,2,1,0,0,2,0,2,0,0,1,1,90.4,5099.15,0
11,0,0,1,1,72,1,2,1,2,2,2,2,2,2,2,1,1,116.8,8456.75,0
3612,1,0,1,1,54,0,1,0,0,0,2,2,0,2,2,0,1,46.0,2424.05,0
6681,1,1,0,0,1,1,2,1,0,0,0,0,2,2,0,1,2,93.55,93.55,1
162,0,0,1,1,71,1,0,2,1,1,1,1,1,1,2,0,0,20.1,1389.6,0
5484,0,0,1,0,69,1,0,1,2,2,0,2,2,2,1,1,1,106.4,7251.9,0
4643,0,0,1,1,14,1,0,1,0,0,0,0,0,2,0,1,0,80.9,1152.8,0
142,0,0,0,0,1,1,0,1,0,0,2,0,2,0,0,1,1,85.55,85.55,1
3956,1,0,1,0,71,1,2,1,0,2,2,0,2,2,1,1,0,105.7,7472.15,0
950,0,0,0,0,30,1,0,0,2,0,0,0,0,0,0,1,3,48.8,1536.75,0
2053,1,0,0,0,23,1,0,2,1,1,1,1,1,1,0,0,2,20.85,473.9,0
6365,0,0,0,0,1,1,0,1,0,0,0,0,2,0,0,0,2,79.55,79.55,1
2216,0,0,1,1,9,1,2,0,0,2,0,0,0,0,0,1,3,55.3,501.2,0
4439,1,0,0,0,7,1,2,2,1,1,1,1,1,1,0,0,3,23.5,173.0,0
3486,1,0,1,1,61,1,2,1,0,0,2,0,2,2,1,1,2,99.9,6241.35,0
6457,1,0,1,1,26,1,0,1,0,0,0,0,0,2,1,0,0,78.95,2034.25,0
1084,0,0,1,0,30,1,0,2,1,1,1,1,1,1,0,0,0,19.65,655.85,1
2540,1,0,0,1,68,1,2,0,2,2,0,2,2,2,2,1,0,86.5,5882.75,0
1066,0,0,1,1,70,1,2,1,2,2,2,2,2,2,2,1,0,114.2,7723.9,1
1784,1,0,1,1,72,1,0,2,1,1,1,1,1,1,2,1,1,19.8,1414.65,0
2997,1,0,0,0,7,1,0,1,0,0,0,0,0,0,0,1,2,69.55,521.35,0
6872,0,0,0,0,4,1,0,1,2,0,2,2,0,2,0,1,0,94.4,387.2,1
2227,0,0,0,0,1,1,0,1,0,2,0,2,2,0,0,0,2,91.7,91.7,1
6333,0,0,0,0,14,1,0,0,0,2,0,0,0,0,0,0,2,50.45,765.45,0
5372,1,0,0,0,40,1,2,1,0,0,0,0,2,0,0,1,2,84.9,3369.05,0
262,0,1,1,0,1,1,0,1,0,0,0,0,0,0,0,1,3,70.45,70.45,1
6419,1,0,1,1,64,1,0,0,2,0,2,2,2,0,2,0,3,69.25,4447.75,0
6853,0,0,0,0,9,1,2,1,0,0,2,0,2,2,0,0,1,98.3,923.5,1
2611,1,0,0,0,15,1,0,2,1,1,1,1,1,1,1,0,3,19.8,304.6,0
2927,0,0,1,1,10,1,0,2,1,1,1,1,1,1,0,1,0,19.8,196.75,0
5788,1,0,0,0,39,1,2,1,0,0,0,0,0,0,0,1,1,73.15,2730.85,0
6019,0,0,0,0,41,1,0,2,1,1,1,1,1,1,1,1,3,19.75,806.95,0
233,0,0,0,0,40,1,0,2,1,1,1,1,1,1,2,0,1,19.65,830.25,0
2777,0,1,1,0,42,1,2,1,0,0,0,0,2,2,0,1,2,95.05,3944.5,0
1355,0,0,0,0,8,1,0,2,1,1,1,1,1,1,2,0,3,20.0,141.6,0
3063,0,1,0,0,16,1,0,1,0,0,0,2,2,2,0,1,2,94.45,1511.2,1
4515,1,0,0,0,24,1,0,1,0,0,0,2,2,2,0,1,2,96.0,2122.45,1
722,1,0,1,1,1,1,0,2,1,1,1,1,1,1,1,0,1,19.85,19.85,0
3833,0,0,1,1,15,1,0,2,1,1,1,1,1,1,0,0,3,19.8,272.95,0
4543,0,1,0,0,25,1,2,1,2,2,0,0,2,2,0,1,3,102.8,2660.2,1
4572,1,0,1,1,68,1,2,1,2,2,2,2,2,2,2,1,0,114.7,7849.85,0
1608,1,0,1,0,9,1,0,1,0,2,2,2,2,0,0,1,3,94.85,890.6,1
4404,1,1,0,0,9,1,2,1,0,2,0,0,2,2,0,1,1,99.45,919.4,1
1200,1,0,0,0,66,1,2,2,1,1,1,1,1,1,2,0,3,25.1,1697.7,0
305,1,0,0,0,24,1,2,1,0,2,0,0,2,2,0,1,0,99.65,2404.85,0
3135,0,0,0,0,1,1,0,1,0,0,0,0,0,0,0,0,0,69.7,69.7,1
6147,0,0,0,0,33,1,2,1,0,2,0,0,2,2,0,1,2,100.0,3320.6,0
2877,0,0,1,0,67,1,2,0,2,2,2,0,0,0,2,0,3,65.65,4322.85,0
739,1,0,1,1,56,1,2,0,2,2,0,2,0,2,2,1,1,75.85,4261.2,0
4080,0,1,0,0,22,1,0,0,2,0,2,2,0,2,0,1,3,69.75,1545.4,0
1478,0,0,0,0,7,0,1,0,0,2,0,0,0,2,0,1,1,40.1,293.3,1
5298,0,1,0,0,49,1,2,1,0,0,2,0,0,2,0,1,1,90.85,4515.85,1
2335,1,0,0,0,4,1,0,2,1,1,1,1,1,1,0,1,2,20.2,55.7,0
4897,1,0,0,0,12,1,0,0,0,2,0,2,0,0,0,1,3,53.75,648.65,0
935,1,0,1,1,4,1,0,2,1,1,1,1,1,1,2,0,1,19.55,68.8,0
4782,0,0,1,1,72,1,2,1,2,2,0,0,2,2,1,1,2,104.15,7303.05,0
2484,1,0,1,1,63,1,2,1,0,2,2,0,2,2,2,1,0,104.8,6597.25,0
6527,0,0,1,0,34,1,2,0,2,2,0,2,0,0,0,0,2,62.65,2274.9,1
2567,0,0,1,0,71,1,2,1,2,2,2,2,2,2,2,1,1,115.15,8078.1,0
3272,1,1,1,0,50,1,2,1,2,2,2,0,2,0,1,1,0,101.9,5265.5,0
1242,1,0,0,0,20,1,2,0,0,2,0,2,2,0,1,1,2,68.7,1416.2,0
2071,0,1,0,0,1,1,2,1,0,0,0,0,0,0,0,1,3,74.45,74.45,1
671,1,0,1,1,26,1,0,0,0,0,2,0,0,0,1,0,3,50.35,1285.8,0
4488,1,0,0,0,65,1,2,1,2,0,2,2,2,2,1,1,1,110.0,7138.65,0
2793,0,0,1,0,30,1,2,1,0,2,0,2,2,0,0,1,1,94.1,2804.45,1
5831,1,0,1,1,12,1,0,0,2,0,0,0,0,0,0,1,2,49.2,571.15,0
6243,0,0,1,0,72,1,2,1,2,2,2,0,2,2,2,1,1,110.65,8065.65,0
1618,1,0,0,0,24,1,2,1,0,2,0,0,0,0,0,1,2,80.25,1861.5,1
3036,1,0,0,0,7,1,0,1,2,0,0,0,0,0,0,0,3,74.35,533.6,0
2122,0,0,0,0,3,0,1,0,0,0,0,0,2,0,0,1,1,34.8,113.95,0
5591,1,0,0,0,72,1,2,0,2,2,2,2,2,2,2,0,1,88.55,6362.35,0
2523,1,1,0,0,13,1,2,1,0,2,2,0,2,2,0,1,2,106.9,1364.3,1
205,1,0,1,1,23,1,0,1,2,0,0,2,2,2,0,1,2,99.85,2331.3,1
4868,1,0,1,0,11,1,0,0,0,0,0,0,2,0,0,1,0,55.05,608.15,0
4960,1,0,0,0,1,1,0,0,0,0,0,0,0,0,0,0,3,44.4,44.4,1
3055,0,0,1,1,14,1,2,1,0,2,0,0,0,2,0,1,0,90.9,1259.0,1
2742,0,0,0,0,1,1,0,2,1,1,1,1,1,1,0,0,3,19.9,19.9,1
1648,0,0,0,0,3,1,0,2,1,1,1,1,1,1,0,1,3,20.0,61.7,0
4257,0,0,1,1,67,1,2,0,0,0,2,2,0,2,2,1,0,69.9,4615.9,0
6678,1,0,0,1,25,0,1,0,2,0,0,0,2,0,1,1,1,40.65,970.55,0
1675,0,1,0,0,6,1,2,1,0,2,0,0,2,2,0,1,2,98.25,560.6,1
683,1,0,0,0,5,1,0,1,0,0,2,0,2,2,0,0,0,96.5,492.55,1
4376,1,0,1,0,43,1,2,0,2,2,0,2,0,0,0,0,0,66.25,2907.35,0
5442,1,0,1,0,59,1,2,1,2,2,2,2,2,2,2,0,2,113.75,6561.25,0
3398,1,0,1,0,42,1,0,2,1,1,1,1,1,1,2,0,2,20.25,835.5,0
3093,1,0,0,0,2,1,0,0,0,0,0,0,0,0,0,0,3,44.65,74.9,1
259,1,0,0,0,20,1,0,0,2,0,2,0,0,2,0,0,1,64.4,1398.6,0
4803,1,0,1,1,42,1,0,0,2,2,0,0,0,0,0,0,3,54.5,2301.15,0
4905,1,0,1,1,15,1,2,1,0,0,0,0,0,0,0,1,0,74.9,1107.25,1
5632,1,0,0,0,3,1,0,1,0,0,2,2,2,2,0,1,2,98.7,293.65,1
2808,1,1,1,1,71,1,0,2,1,1,1,1,1,1,2,0,1,19.8,1388.45,0
2809,1,1,0,0,8,1,0,1,0,0,0,0,0,0,0,1,2,69.7,560.85,1
3327,1,0,1,0,63,1,2,0,0,0,2,2,2,2,2,0,1,79.8,5034.05,0
5696,0,1,0,0,72,1,2,1,2,2,2,2,0,2,2,1,0,107.4,7748.75,0
337,1,0,1,0,24,1,0,0,2,0,0,2,2,2,1,0,0,74.4,1712.9,0
2558,0,1,0,0,52,1,2,1,2,2,2,0,2,2,0,0,1,108.1,5839.3,0
2736,1,0,1,1,72,1,2,1,2,2,2,2,2,2,2,1,1,114.05,8289.2,0
4270,0,1,0,0,5,1,2,1,0,0,0,0,2,0,0,1,1,83.15,446.05,1
1855,0,0,1,0,65,1,2,1,0,2,2,2,2,2,1,1,1,108.05,7118.9,0
2291,1,0,1,1,28,0,1,0,0,2,2,2,2,2,1,1,1,60.0,1682.05,0
1867,0,0,0,0,3,1,0,0,2,2,0,2,0,2,2,0,3,71.1,213.35,0
2622,1,1,0,0,65,1,2,1,2,0,2,2,2,2,2,1,2,110.35,7246.15,0
5648,0,0,1,0,24,1,2,0,2,2,2,0,0,0,0,0,3,66.3,1559.45,0
3933,0,0,1,0,20,1,0,2,1,1,1,1,1,1,0,0,0,19.25,375.25,0
2910,0,1,0,0,3,1,0,1,0,0,2,0,2,0,0,1,2,86.85,220.95,1
3992,1,0,0,0,21,1,2,1,0,0,0,0,0,2,0,1,2,84.1,1737.45,0
3773,1,0,0,0,12,0,1,0,2,2,0,2,2,0,0,1,0,50.95,605.75,0
6912,0,0,0,0,40,1,2,1,0,0,0,0,0,2,0,0,0,83.85,3532.25,0
1187,1,0,0,1,9,1,0,0,0,0,0,0,2,0,0,0,2,55.35,449.75,1
6864,0,0,0,0,1,1,0,0,0,2,0,0,0,0,0,1,2,48.6,48.6,0
2347,1,0,1,1,71,1,2,1,2,0,2,0,2,2,2,0,2,105.55,7405.5,0
5510,0,0,0,0,2,1,0,1,0,0,0,0,2,0,0,1,2,80.65,144.15,1
2178,0,0,1,0,68,1,2,2,1,1,1,1,1,1,2,0,1,25.8,1911.5,0
2237,0,1,0,0,19,1,0,1,2,2,0,2,2,2,0,1,3,105.0,2007.25,0
587,0,0,0,0,34,1,2,0,2,2,0,2,0,0,1,1,3,64.4,2088.75,1
2638,1,0,1,1,7,1,0,2,1,1,1,1,1,1,1,0,3,20.65,150.0,0
1850,0,1,0,0,30,1,2,1,2,2,2,0,0,0,0,0,1,91.7,2758.15,1
6464,0,0,1,1,14,1,2,2,1,1,1,1,1,1,0,0,3,25.55,372.45,0
672,0,0,1,1,40,0,1,0,0,2,0,0,2,2,0,1,2,50.85,2036.55,0
5857,1,0,0,0,71,1,2,1,0,2,0,0,0,0,1,1,1,79.05,5552.5,0
3123,0,1,0,0,8,1,0,1,0,0,2,0,0,0,0,1,0,74.05,600.15,0
6925,1,0,1,0,36,1,0,2,1,1,1,1,1,1,1,0,3,20.0,666.75,0
209,0,1,1,0,68,1,2,1,0,2,0,0,2,2,0,1,2,100.2,6851.65,1
2680,1,0,1,1,50,1,2,1,0,2,2,0,2,2,0,1,0,103.85,5017.9,1
1082,0,0,0,0,4,1,0,0,2,2,0,0,0,0,0,0,2,55.2,220.65,0
4519,1,0,1,1,4,1,0,2,1,1,1,1,1,1,2,0,1,19.5,96.85,0
5553,1,0,0,0,14,1,0,2,1,1,1,1,1,1,1,0,0,20.4,275.7,0
5278,0,0,1,0,37,1,0,2,1,1,1,1,1,1,1,1,0,19.85,717.5,0
1542,1,0,0,0,61,1,2,1,2,0,2,0,2,2,1,0,2,104.0,6363.45,0
3997,0,0,0,0,30,0,1,0,0,0,0,2,0,2,1,1,1,40.35,1187.05,0
6224,1,1,0,0,12,1,0,1,0,2,2,2,0,0,0,1,3,83.8,1029.75,1
6236,1,0,1,1,32,1,2,1,2,0,0,0,2,2,0,1,1,99.55,3204.65,1
3446,1,0,1,0,39,1,0,2,1,1,1,1,1,1,2,1,0,20.45,790.0,0
3156,1,0,1,1,8,1,2,0,2,2,0,2,0,2,2,1,1,76.15,645.8,0
5241,0,0,1,1,2,0,1,0,0,2,0,0,0,0,0,1,3,30.25,63.75,0
212,1,0,1,1,39,1,2,1,0,0,2,0,2,2,1,0,2,100.0,3835.55,0
4767,0,0,0,0,7,1,2,1,0,0,0,0,0,0,0,1,2,74.9,541.15,1
4463,1,0,0,0,50,1,2,2,1,1,1,1,1,1,2,0,0,24.9,1195.25,0
2533,0,0,0,0,1,1,0,1,2,0,0,0,0,0,0,0,3,75.3,75.3,1
2524,1,0,1,1,64,1,2,1,0,2,2,2,2,2,2,1,1,109.2,6741.15,0
4508,0,0,1,1,54,1,2,1,2,2,0,0,2,2,0,1,0,104.1,5645.8,0
4137,1,0,0,0,22,1,0,2,1,1,1,1,1,1,1,0,3,20.3,475.1,0
6051,1,0,0,0,16,1,0,2,1,1,1,1,1,1,0,0,1,19.75,294.9,0
6933,1,0,0,0,3,1,0,1,0,0,0,0,2,0,0,1,2,78.5,242.05,1
4597,0,0,0,0,29,1,2,1,0,0,2,0,2,2,0,0,0,100.55,2878.75,0
4360,0,0,0,0,1,1,0,0,0,0,0,0,0,0,0,0,0,44.15,44.15,0
6906,1,0,0,1,23,1,0,2,1,1,1,1,1,1,1,0,3,19.8,465.45,0
4252,1,0,0,0,58,1,2,2,1,1,1,1,1,1,2,1,1,25.3,1474.35,0
5994,0,0,0,0,8,1,0,0,0,0,0,0,0,0,0,0,3,44.45,369.3,0
5007,0,0,1,1,48,1,0,2,1,1,1,1,1,1,2,0,0,20.2,1027.25,0
5435,1,0,0,0,11,1,0,2,1,1,1,1,1,1,1,0,3,19.5,226.8,0
3287,1,0,1,1,18,1,0,0,0,0,2,0,0,2,0,0,2,57.45,990.85,1
1345,1,0,0,0,46,1,2,1,0,2,2,2,2,2,2,0,2,108.65,4903.2,0
2009,0,0,1,1,21,0,1,0,2,0,2,0,2,2,1,1,2,55.95,1157.05,1
5904,1,0,0,0,4,1,0,0,0,0,0,2,2,0,0,1,2,61.3,249.4,0
2056,1,0,1,0,4,1,0,1,0,0,0,0,2,0,0,1,2,80.35,307.4,1
5560,0,1,1,1,24,1,0,1,0,0,2,0,2,2,2,1,2,96.55,2263.45,0
535,1,1,0,0,16,0,1,0,0,2,0,0,2,0,0,1,3,39.0,679.85,1
4631,0,0,1,0,53,1,0,2,1,1,1,1,1,1,1,0,0,20.8,1021.8,1
96,0,0,0,0,24,1,0,2,1,1,1,1,1,1,2,1,0,19.55,470.2,0
3491,0,0,1,1,11,1,0,2,1,1,1,1,1,1,0,1,3,19.25,180.3,1
3411,1,1,1,0,65,1,2,1,0,2,2,0,2,2,1,1,0,103.15,6792.45,0
2444,0,0,1,0,43,1,2,1,0,2,0,0,0,0,0,0,2,80.45,3398.9,0
6944,1,0,0,0,17,1,0,2,1,1,1,1,1,1,1,0,3,19.95,310.6,0
6307,0,1,0,0,25,1,2,1,0,2,0,0,0,2,0,1,2,89.7,2187.55,1
2001,0,0,0,1,41,1,0,0,0,0,0,0,0,0,0,0,0,45.2,1841.9,0
4446,1,0,0,0,31,1,0,2,1,1,1,1,1,1,2,0,0,20.4,609.1,0
4484,1,0,1,0,11,1,2,1,0,2,0,0,0,0,0,1,0,80.5,896.9,1
6037,0,1,1,1,48,1,0,1,2,0,2,2,2,2,0,1,2,104.5,5068.05,0
5660,1,0,0,1,21,1,0,2,1,1,1,1,1,1,2,0,3,19.6,397.0,0
4693,0,0,0,0,1,1,2,1,0,0,2,0,0,0,0,1,3,79.55,79.55,1
5507,0,0,0,0,1,1,0,0,0,0,0,0,0,0,0,0,3,45.35,45.35,0
6251,1,0,1,0,60,0,1,0,0,2,2,2,2,2,0,1,0,60.2,3582.4,0
2003,1,0,1,0,72,1,2,1,2,2,2,2,2,2,1,1,0,117.8,8684.8,1
1533,1,0,0,0,58,1,2,1,0,2,2,0,2,2,1,1,0,103.25,6017.65,1
3815,0,0,0,0,2,1,0,0,0,0,0,0,0,0,0,1,3,45.85,105.6,0
3906,1,0,0,0,20,1,0,2,1,1,1,1,1,1,2,1,3,19.7,419.4,0
2498,1,0,0,0,65,1,2,1,0,2,2,2,2,2,0,1,2,109.15,6941.2,1
1653,0,0,0,0,37,1,0,1,0,2,2,0,0,0,1,0,2,80.05,3019.1,0
5603,1,1,1,0,3,0,1,0,0,0,0,0,2,0,0,1,3,36.45,93.7,1
6653,0,0,0,0,25,1,0,2,1,1,1,1,1,1,0,0,3,19.05,461.3,0
3496,0,0,0,0,4,1,2,1,0,2,0,0,0,2,0,1,2,88.95,355.2,1
1801,0,0,1,0,62,1,2,2,1,1,1,1,1,1,2,0,0,23.65,1416.75,0
1464,1,0,1,1,63,0,1,0,0,2,2,2,0,0,2,0,0,39.35,2395.05,0
2563,0,0,0,0,19,0,1,0,0,2,0,0,0,2,0,1,2,39.7,710.05,0
7040,1,0,0,0,2,1,0,0,0,2,0,0,0,0,0,1,3,50.3,92.75,0
5054,0,0,1,1,35,1,2,2,1,1,1,1,1,1,0,1,2,25.75,882.55,0
6907,0,0,1,1,72,1,2,1,2,2,2,0,2,2,2,0,1,109.55,7887.25,0
2813,1,0,0,0,25,1,2,0,2,2,2,2,0,2,0,0,0,81.75,2028.8,0
5491,1,0,1,1,66,1,0,2,1,1,1,1,1,1,2,1,3,19.75,1344.5,0
3463,1,1,1,0,72,1,2,1,0,2,2,2,2,2,2,0,1,109.7,7898.45,0
1028,1,0,1,1,52,1,2,1,0,2,0,2,0,2,0,1,0,93.25,4631.7,0
3077,1,0,0,0,14,1,2,2,1,1,1,1,1,1,1,1,1,24.8,321.7,0
1261,0,0,0,0,36,1,0,0,2,2,2,2,0,2,1,1,3,75.55,2680.15,0
5463,1,0,1,1,64,1,0,0,2,0,2,0,2,2,1,1,1,73.05,4688.65,0
6356,1,1,0,0,57,1,0,0,0,0,2,2,0,0,1,1,2,53.5,3035.8,0
3311,0,0,0,0,29,1,0,2,1,1,1,1,1,1,1,0,3,20.0,599.3,0
4927,0,0,0,0,26,1,0,0,0,2,2,0,0,0,1,1,3,56.05,1553.2,0
1048,0,0,1,0,49,0,1,0,2,0,0,0,2,0,0,0,0,40.65,2070.75,0
1373,0,0,0,0,48,1,2,1,0,0,2,2,2,2,0,1,2,103.85,4946.05,0
5951,0,0,0,0,62,1,2,0,0,2,2,2,2,2,2,0,0,84.5,5193.2,0
2277,1,0,0,1,18,1,0,0,0,0,0,0,0,0,0,1,1,45.65,747.2,0
2468,0,0,1,1,22,1,0,2,1,1,1,1,1,1,0,0,3,19.9,400.3,0
6280,1,1,1,0,7,1,2,1,0,0,2,0,2,2,0,1,2,101.95,700.85,1
1232,1,0,1,1,65,1,2,1,2,2,2,2,0,0,2,0,1,94.55,6078.75,0
408,1,0,0,1,53,1,0,2,1,1,1,1,1,1,2,0,0,19.75,1052.35,1
1846,0,0,0,0,8,1,0,0,2,2,0,2,0,0,1,0,0,58.2,469.25,0
5428,1,0,1,1,70,1,2,0,2,2,2,2,2,0,2,1,0,79.25,5731.85,0
3219,0,0,0,0,16,1,0,2,1,1,1,1,1,1,1,0,0,20.1,318.6,0
6740,1,0,1,0,59,1,2,1,2,2,2,2,2,0,0,1,2,106.75,6252.9,1
4629,1,1,1,0,35,1,2,1,2,2,0,0,0,2,0,1,2,94.55,3365.4,0
3146,0,1,0,0,16,1,2,1,0,0,0,0,2,0,0,1,2,84.75,1350.15,1
5013,0,0,1,0,46,1,2,1,0,2,0,2,2,2,1,1,2,103.15,4594.65,0
6515,1,0,0,0,1,1,0,0,0,0,0,0,0,0,0,0,3,45.6,45.6,0
5016,0,0,0,0,17,1,0,0,2,2,0,2,2,2,1,0,1,79.85,1387.35,0
2679,0,0,1,1,1,1,0,2,1,1,1,1,1,1,0,0,3,20.55,20.55,1
1056,1,0,0,0,27,1,0,0,2,0,2,2,2,0,1,0,1,69.35,1927.3,0
2327,0,0,1,0,64,1,0,1,2,0,0,2,2,2,1,1,3,96.9,6314.35,0
1738,0,0,1,0,71,1,2,1,0,0,0,0,2,2,2,1,0,93.7,6585.35,1
5359,1,0,0,0,1,0,1,0,0,0,0,0,2,2,0,1,3,45.3,45.3,1
4821,1,0,0,0,24,0,1,0,2,0,0,0,2,2,1,1,3,50.6,1288.75,0
1379,0,0,1,0,49,1,2,1,2,0,0,0,2,2,0,1,3,100.85,4847.35,0
1033,1,0,0,0,1,1,0,2,1,1,1,1,1,1,0,1,0,20.2,20.2,1
4512,0,1,0,0,31,1,0,1,2,0,0,0,0,0,0,1,1,73.55,2094.65,0
4577,0,1,0,0,5,1,0,1,2,2,0,0,0,0,0,0,2,80.7,374.8,0
295,0,0,1,0,47,1,2,1,0,0,2,0,2,2,0,1,2,100.5,4707.1,0
6637,1,0,1,0,71,1,0,0,2,2,2,2,2,2,2,1,0,86.1,6045.9,0
3756,0,0,1,1,29,1,0,1,0,0,0,0,2,2,0,1,1,87.8,2621.75,0
795,1,1,1,0,72,1,2,1,0,2,2,2,2,2,2,1,0,109.75,7932.5,0
5751,1,0,1,0,58,1,2,1,0,0,2,0,2,2,1,0,1,100.35,5681.1,0
5615,0,0,1,0,1,1,0,1,0,0,0,0,0,0,0,1,3,69.4,69.4,1
293,0,0,1,1,28,1,0,1,0,0,0,0,2,2,1,1,0,90.1,2598.95,1
5835,0,0,1,0,70,1,2,2,1,1,1,1,1,1,2,1,0,26.0,2006.95,0
4853,1,0,1,1,24,1,2,0,2,0,2,2,2,2,1,1,3,84.8,1990.5,0
5875,0,1,1,0,60,1,2,1,2,2,2,2,2,2,2,1,0,116.05,6925.9,0
3746,0,1,0,0,2,1,0,1,0,0,0,0,0,0,0,1,2,69.6,131.65,1
5015,1,0,0,0,39,1,2,1,2,2,0,0,2,2,0,1,2,106.4,4040.65,0
4933,1,1,1,0,25,1,2,1,2,0,0,0,0,2,1,1,2,89.05,2177.45,1
174,1,0,0,0,49,1,2,1,0,2,2,0,2,2,0,1,0,103.7,5036.3,1
146,0,0,0,0,46,1,2,1,2,2,0,0,0,0,0,0,3,84.25,3847.6,0
5606,1,0,0,0,1,1,0,2,1,1,1,1,1,1,0,0,2,20.55,20.55,1
6011,1,1,0,0,18,1,2,1,0,2,0,0,0,0,0,1,1,80.55,1411.65,0
6338,1,0,1,0,71,1,2,1,2,2,2,2,2,2,2,1,0,116.1,8310.55,0
2827,1,0,0,1,22,1,0,2,1,1,1,1,1,1,0,0,1,20.15,432.5,0
5456,0,0,0,0,33,1,0,1,0,2,0,2,0,0,1,1,0,79.95,2684.85,0
2394,1,0,1,0,28,1,0,0,2,0,0,2,0,0,1,0,3,54.35,1426.45,0
2636,1,0,0,0,2,1,0,1,0,0,0,0,0,0,0,1,2,67.75,116.65,1
3868,1,0,1,1,11,1,0,1,0,0,0,0,2,0,0,1,0,79.5,868.5,1
1972,0,0,0,0,1,1,0,1,0,0,0,0,0,0,0,0,2,68.65,68.65,1
1729,1,1,1,0,60,1,2,1,0,2,2,0,2,2,1,1,2,104.35,6339.45,0
1553,1,0,1,1,15,1,0,2,1,1,1,1,1,1,2,0,3,19.35,278.85,0
6703,1,1,1,0,10,1,0,1,2,0,0,0,0,0,0,0,2,75.3,720.45,0
1336,1,1,0,0,18,1,2,0,2,2,0,0,0,0,0,1,1,58.4,964.9,0
6650,0,0,1,0,72,1,0,0,2,2,2,2,2,2,2,0,3,85.1,6155.4,0
5814,1,0,1,1,62,1,0,0,2,0,2,2,0,2,1,0,1,71.4,4487.3,0
3572,0,0,1,1,32,1,0,0,2,2,0,2,0,0,0,0,0,61.4,1864.65,0
748,1,0,0,0,11,1,0,2,1,1,1,1,1,1,2,0,1,19.55,223.15,0
1852,1,1,0,0,9,1,0,1,0,0,0,0,0,2,0,1,2,79.55,718.55,0
2096,0,0,1,0,55,1,2,1,0,2,2,0,2,2,0,1,1,103.65,5676.65,0
6275,1,0,1,0,71,1,2,1,2,2,2,2,2,2,2,1,2,116.25,8564.75,0
1330,0,1,0,0,3,1,2,1,0,0,0,0,0,0,0,1,1,75.05,256.25,1
3551,0,0,0,0,1,1,0,1,0,0,0,0,0,0,0,1,3,70.7,70.7,0
6647,1,0,0,0,35,1,2,1,0,0,0,0,2,0,0,0,2,83.15,2848.45,0
5451,1,0,1,1,12,1,0,0,0,0,0,0,2,0,0,1,3,56.3,628.65,0
284,0,1,0,0,39,1,2,1,0,0,2,0,2,2,0,1,2,99.75,4036.0,0
3079,0,1,0,0,27,1,2,1,0,0,2,0,0,0,0,1,2,78.05,2135.5,1
1428,0,0,1,0,33,1,2,1,0,0,2,2,0,2,0,1,1,95.0,3008.15,0
4673,0,0,0,0,1,1,0,0,0,0,0,0,0,0,0,1,3,44.45,44.45,1
1546,1,0,1,1,68,1,0,0,0,0,2,2,2,2,2,1,0,72.95,4953.25,0
639,0,0,1,0,41,1,0,2,1,1,1,1,1,1,2,0,1,20.65,875.55,0
6865,0,0,0,0,1,1,0,2,1,1,1,1,1,1,0,0,3,20.5,20.5,0
5579,1,0,0,0,1,0,1,0,0,0,0,0,0,2,0,0,2,35.9,35.9,1
4005,1,1,1,0,27,0,1,0,0,0,0,0,0,2,0,0,0,36.5,1032.0,1
41,0,0,0,0,27,1,0,0,0,2,2,2,2,2,1,0,3,78.2,2078.95,0
6862,0,0,0,0,1,1,0,1,0,0,2,0,0,0,0,0,0,73.5,73.5,1
4778,0,1,1,0,71,1,0,1,0,2,2,0,0,2,2,0,1,89.45,6435.25,0
3306,1,0,0,0,18,0,1,0,2,0,2,0,0,0,0,0,3,33.6,550.35,0
669,1,0,1,0,62,0,1,0,0,0,0,2,2,0,2,1,0,39.0,2337.45,0
1399,0,1,0,0,23,1,2,1,0,0,2,0,0,0,0,1,3,79.35,1835.3,0
2489,0,0,1,1,64,0,1,0,0,2,2,2,0,2,2,0,2,49.85,3210.35,0
6349,0,0,0,0,9,1,0,1,0,0,0,0,0,0,0,0,2,69.05,651.5,0
5502,1,0,1,1,16,1,0,0,2,2,0,0,0,0,1,1,3,55.85,857.8,0
5158,0,0,0,0,61,1,2,1,0,0,2,0,0,2,0,0,3,89.2,5500.6,0
4865,1,0,1,1,67,1,2,2,1,1,1,1,1,1,2,0,0,24.65,1620.45,0
4250,1,0,0,0,12,1,0,2,1,1,1,1,1,1,1,0,1,20.05,267.0,0
5515,0,0,0,0,10,1,0,0,0,0,0,2,0,2,0,1,3,60.95,629.55,0
2598,0,1,1,0,42,1,0,1,2,0,0,0,0,0,0,1,1,74.15,3229.4,1
4841,0,0,1,0,48,1,0,1,0,2,2,0,2,2,1,1,2,97.05,4692.95,0
781,0,0,1,1,50,1,2,0,0,2,2,2,2,2,1,1,1,84.15,4164.4,0
5519,1,0,0,0,31,1,2,1,0,2,2,0,2,2,1,1,2,103.45,3066.45,1
4848,1,0,0,0,3,1,0,2,1,1,1,1,1,1,1,0,3,19.6,61.35,0
1531,1,0,1,1,1,1,0,2,1,1,1,1,1,1,1,0,3,20.4,20.4,0
2926,1,0,1,0,70,1,2,1,2,2,0,2,0,0,2,1,1,88.0,5986.45,0
442,0,1,0,0,18,1,0,1,0,2,0,0,0,0,0,1,2,73.55,1359.45,0
4422,1,0,1,0,22,1,2,1,2,0,0,2,2,0,0,0,1,95.9,2234.95,0
3716,1,0,0,0,13,1,0,1,0,0,0,0,0,2,0,1,2,80.85,1008.7,1
3274,0,0,0,0,1,1,0,0,0,0,0,2,0,0,0,1,2,52.2,52.2,1
3100,1,0,0,0,9,1,2,1,0,2,0,0,2,2,0,1,1,99.3,918.75,0
1600,0,0,1,1,57,1,0,0,2,0,0,0,2,2,1,1,0,70.1,3913.3,1
6675,0,0,0,0,18,1,2,1,0,2,0,0,2,0,0,1,1,90.0,1527.35,1
1879,1,0,1,1,46,1,0,0,2,0,2,2,0,0,1,0,3,56.9,2560.1,0
2353,1,1,0,0,16,1,2,1,0,0,0,0,2,0,0,1,2,86.6,1281.0,1
4351,1,0,0,0,62,1,2,2,1,1,1,1,1,1,2,0,0,23.4,1429.65,0
68,0,0,1,0,71,0,1,0,0,2,2,2,2,2,2,0,0,58.25,4145.9,0
3049,1,0,1,0,8,1,0,2,1,1,1,1,1,1,0,1,0,19.55,161.15,0
2391,1,1,0,0,5,1,0,1,0,0,0,0,0,0,0,1,3,71.45,371.6,0
5427,1,0,0,0,52,1,2,0,2,0,0,2,2,2,2,1,1,79.75,4217.8,0
1065,0,0,1,0,42,1,0,2,1,1,1,1,1,1,0,0,1,20.35,869.9,0
3553,1,0,0,0,11,1,0,1,0,2,0,0,0,0,0,1,3,75.9,866.4,0
5517,0,0,1,1,47,1,0,0,0,2,0,2,0,2,2,0,0,63.8,3007.25,0
6670,0,1,0,0,1,1,0,1,0,0,0,0,0,0,0,1,2,71.15,71.15,1
1657,1,0,1,1,44,1,0,0,0,2,2,2,0,0,0,1,3,61.9,2924.05,0
149,0,0,0,0,1,1,2,0,0,0,0,0,0,0,0,1,2,50.1,50.1,0
2429,1,0,1,0,57,0,1,0,0,2,2,2,2,2,2,1,0,57.5,3265.95,0
649,1,1,1,0,20,1,0,1,0,2,0,0,0,0,0,1,2,73.65,1463.5,1
1611,0,0,1,1,58,1,0,2,1,1,1,1,1,1,2,0,1,20.5,1191.4,0
5478,0,0,1,1,71,1,2,2,1,1,1,1,1,1,2,0,0,24.7,1810.55,0
2099,1,0,0,0,62,1,2,1,0,0,2,0,2,2,1,1,2,96.75,6125.4,1
5193,1,0,1,1,69,1,0,0,2,2,2,0,0,0,2,1,0,59.75,4069.9,0
2301,1,1,0,0,11,1,2,1,0,2,2,2,2,2,0,1,2,111.4,1183.05,0
3301,1,0,1,0,72,1,2,2,1,1,1,1,1,1,2,0,1,25.85,1872.2,0
3050,0,0,0,0,50,1,0,1,0,2,0,2,2,2,2,1,3,100.2,5038.45,0
1177,0,1,0,0,32,1,0,1,0,0,0,0,0,2,0,1,2,79.5,2665.0,0
4741,1,0,0,1,40,1,0,0,2,2,0,0,0,0,0,1,3,55.25,2139.2,1
5559,0,0,0,0,1,1,0,0,0,0,0,0,0,0,0,0,2,45.8,45.8,1
2506,1,0,0,0,18,1,0,1,0,0,0,2,0,0,0,1,0,75.9,1373.05,0
370,1,0,0,1,12,1,0,2,1,1,1,1,1,1,0,0,1,21.05,235.8,0
5437,1,0,1,0,43,1,0,1,2,0,2,2,0,0,1,1,0,84.25,3539.25,0
1264,1,0,0,0,21,1,0,2,1,1,1,1,1,1,0,0,1,20.5,402.85,0
1457,0,0,1,0,40,1,2,0,0,2,0,0,2,0,1,0,0,63.9,2635.0,0
4780,1,0,1,0,14,1,0,0,0,2,2,2,2,2,2,0,3,81.95,1181.75,0
1756,1,0,0,0,4,1,0,1,0,0,0,0,0,0,0,1,2,70.2,237.95,1
1496,1,1,1,1,58,1,2,1,2,2,0,2,0,0,1,1,0,89.85,5125.75,0
1131,0,1,1,1,59,1,2,1,0,0,2,0,0,2,0,1,1,88.75,5348.65,0
4092,1,0,1,0,71,1,2,0,2,2,0,2,2,0,2,0,1,73.5,5357.75,0
331,1,0,1,1,25,1,0,2,1,1,1,1,1,1,0,1,3,19.15,477.6,0
4247,0,0,1,0,68,1,2,1,2,2,2,2,2,2,2,0,3,118.6,7990.05,0
125,1,0,1,0,30,1,0,2,1,1,1,1,1,1,1,0,1,19.8,576.65,0
2146,1,0,1,0,47,1,0,2,1,1,1,1,1,1,1,0,0,19.9,942.95,0
338,0,1,0,0,27,1,2,1,0,0,2,0,0,2,0,0,1,88.3,2467.75,1
5163,1,0,1,1,11,1,0,2,1,1,1,1,1,1,0,1,2,20.45,250.8,0
619,0,1,1,0,70,1,2,1,2,2,2,2,2,2,2,1,1,113.0,7987.6,0
6477,0,0,1,1,41,1,2,0,2,2,2,2,0,2,0,0,1,79.9,3326.2,1
1780,0,0,1,0,20,1,0,1,2,2,0,2,2,0,0,1,2,96.55,1901.65,0
480,0,0,1,1,49,1,2,1,0,0,0,0,2,2,0,1,0,95.4,4613.95,0
4449,0,1,1,0,30,1,2,1,0,2,0,0,2,0,0,1,2,90.05,2627.2,0
3924,1,0,0,1,1,1,0,0,0,0,0,0,0,0,0,0,2,44.0,44.0,0
1129,1,1,0,0,18,1,2,1,0,0,0,0,2,2,0,1,2,95.45,1752.55,1
6936,1,0,0,1,43,0,1,0,2,2,2,0,0,0,0,1,2,40.45,1912.85,0
624,0,1,1,1,14,1,2,1,0,0,0,0,2,2,0,1,2,95.8,1346.3,0
1646,1,0,1,1,50,1,2,0,0,0,2,2,2,0,1,1,2,69.65,3442.15,0
2403,0,0,0,0,6,1,0,1,0,0,2,2,2,2,0,1,3,99.95,547.65,1
6687,1,0,0,0,59,0,1,0,0,0,0,2,2,2,0,1,2,51.7,3005.8,0
6993,1,0,0,0,72,1,2,1,2,2,2,2,2,2,2,1,2,118.2,8547.15,0
4972,1,0,1,1,70,1,0,1,0,2,2,2,2,2,1,1,2,106.15,7475.1,0
2505,1,0,0,0,1,1,0,0,0,0,0,0,0,2,0,1,2,55.0,55.0,1
3913,0,0,0,0,17,1,0,2,1,1,1,1,1,1,1,0,3,20.15,353.65,0
1915,1,0,0,1,71,1,2,1,2,2,0,0,0,0,1,1,1,85.45,6028.95,0
4419,0,1,0,0,1,1,0,1,0,0,2,0,0,2,0,1,2,85.0,85.0,1
5009,1,0,1,0,31,1,0,0,0,0,2,2,0,2,0,1,1,66.4,2019.8,0
128,1,0,0,1,10,1,0,2,1,1,1,1,1,1,1,1,0,19.95,219.5,0
824,0,0,1,0,56,1,0,1,2,0,2,0,0,0,2,0,0,80.3,4513.65,0
3634,0,0,0,0,16,1,0,1,0,2,0,0,0,0,0,0,0,75.1,1212.85,0
942,0,0,1,0,67,1,2,1,0,2,2,2,2,2,1,1,1,109.7,7344.45,0
1741,1,0,1,1,15,0,1,0,2,0,0,0,0,0,0,1,0,30.2,469.65,0
5429,0,0,0,0,22,1,0,0,2,0,0,0,0,0,0,1,1,48.8,1054.6,1
1038,1,0,0,0,2,1,0,0,0,0,0,0,0,0,0,0,3,45.85,81.0,1
6819,1,1,0,0,14,1,2,1,0,0,0,0,0,0,0,1,2,74.95,1036.75,1
410,1,0,1,0,50,1,0,2,1,1,1,1,1,1,2,0,2,19.8,1013.2,0
3534,1,0,1,1,47,1,0,1,2,2,2,0,0,2,1,1,2,96.1,4391.45,0
6686,1,0,0,0,69,1,0,2,1,1,1,1,1,1,2,1,3,19.1,1268.85,0
1727,1,1,0,0,33,0,1,0,0,0,2,2,2,2,0,1,2,54.6,1803.7,0
3701,1,0,1,1,1,1,0,0,2,0,0,0,0,0,0,1,3,48.75,48.75,0
6986,0,0,1,1,41,1,2,0,2,2,2,0,2,0,1,1,1,78.35,3211.2,0
4855,0,0,1,0,47,1,2,1,2,2,2,0,2,0,0,1,2,98.75,4533.7,1
1182,1,0,1,1,8,1,0,2,1,1,1,1,1,1,0,1,3,19.35,152.6,0
6966,0,1,0,0,1,1,0,1,0,0,0,0,2,0,0,0,2,78.45,78.45,1
5371,0,0,0,0,60,1,0,0,0,2,2,2,2,0,1,1,1,70.15,4224.7,0
2566,1,0,0,0,1,1,0,0,0,0,0,0,0,0,0,0,1,46.2,46.2,1
347,1,0,0,1,1,1,0,1,0,0,0,0,0,0,0,1,3,70.45,70.45,1
3484,0,1,0,0,17,1,0,2,1,1,1,1,1,1,1,0,3,20.65,330.6,0
3466,0,0,0,1,31,1,2,1,0,0,0,0,2,0,0,1,1,86.55,2697.4,1
907,1,1,0,0,52,1,2,1,0,2,2,2,2,2,0,1,2,110.75,5832.0,0
5920,1,0,1,1,12,1,2,2,1,1,1,1,1,1,1,0,3,26.4,314.95,0
5190,0,0,0,0,72,1,2,0,0,2,2,2,2,2,2,0,0,86.6,6350.5,0
4004,1,0,0,0,51,1,0,1,0,2,2,0,2,2,0,1,2,99.0,5038.15,0
1719,0,1,1,0,1,1,0,1,0,0,0,0,0,0,0,1,2,69.55,69.55,1
6999,0,0,1,0,46,1,2,0,2,0,0,0,0,0,0,0,0,55.0,2473.95,0
2492,1,0,1,1,53,1,2,1,0,2,2,0,2,2,1,1,2,105.25,5576.3,0
5026,1,0,1,1,62,1,0,2,1,1,1,1,1,1,2,0,1,20.05,1263.9,0
3075,0,0,0,0,3,1,2,0,0,0,0,2,2,0,0,1,2,63.6,155.65,1
3740,1,0,1,1,42,1,0,0,0,0,2,2,2,2,1,0,2,73.15,3088.25,0
567,0,0,0,0,71,1,2,1,0,2,2,2,2,2,2,1,2,111.25,7984.15,0
3791,1,1,1,0,54,1,2,1,0,0,2,0,2,2,0,1,1,99.05,5295.7,0
511,1,0,0,0,72,1,2,0,2,2,2,2,2,2,2,0,0,86.65,6224.8,0
3518,1,1,0,0,1,1,2,1,0,0,0,0,0,0,0,1,2,75.35,75.35,1
5671,1,1,0,0,54,1,0,0,0,0,2,2,0,2,1,0,0,65.25,3529.95,0
5471,1,0,1,1,37,1,0,2,1,1,1,1,1,1,2,0,0,19.8,726.1,0
2061,0,0,0,0,10,1,2,1,0,0,2,0,2,2,0,1,2,100.6,1060.2,1
6024,0,0,0,0,25,1,2,2,1,1,1,1,1,1,2,0,1,24.75,692.1,1
3884,1,0,1,1,65,1,0,0,2,0,0,2,2,2,2,1,0,74.8,4820.15,1
2002,0,0,1,1,47,1,0,2,1,1,1,1,1,1,2,1,0,21.3,1041.8,0
5600,0,0,0,0,2,0,1,0,2,2,0,0,0,2,0,1,2,42.6,72.4,1
3475,0,0,0,0,25,1,0,0,0,2,0,2,0,2,0,1,0,65.8,1679.65,0
4832,1,0,0,0,38,1,2,1,2,2,0,0,2,2,1,1,2,104.85,3887.25,0
780,0,0,0,0,1,1,0,2,1,1,1,1,1,1,0,0,3,19.85,19.85,0
6901,0,0,0,0,46,1,0,2,1,1,1,1,1,1,2,1,2,21.1,937.1,0
4242,0,0,1,1,23,1,2,0,2,2,2,2,2,2,2,1,1,91.1,2198.3,0
263,0,0,1,0,72,1,2,1,2,0,2,0,2,2,2,1,1,105.0,7589.8,0
598,0,1,0,0,10,1,0,1,0,0,2,0,0,2,0,1,1,84.6,865.55,1
5531,1,0,0,0,6,1,0,2,1,1,1,1,1,1,0,0,0,20.15,130.5,0
2182,0,0,1,1,51,1,0,1,2,2,0,0,0,0,0,1,0,79.15,4018.55,0
2891,0,1,0,0,35,1,2,1,2,2,2,2,2,2,1,1,0,110.8,3836.3,0
5748,1,0,0,0,2,1,0,1,0,0,0,0,0,2,0,1,2,80.2,181.1,1
238,1,0,1,0,18,1,0,1,0,0,2,2,0,0,0,0,2,78.2,1468.75,0
2792,1,0,0,0,71,1,0,2,1,1,1,1,1,1,2,1,1,19.9,1355.1,0
3798,1,0,1,1,62,1,2,1,2,2,0,0,2,2,0,1,2,105.5,6487.2,0
6329,0,0,0,1,22,1,0,2,1,1,1,1,1,1,0,1,2,20.55,469.85,0
6402,1,0,1,1,44,1,0,2,1,1,1,1,1,1,1,0,0,20.6,926.0,0
1302,1,0,1,1,33,1,0,2,1,1,1,1,1,1,1,0,1,20.1,620.55,0
4113,0,0,0,0,37,1,2,1,0,0,0,2,2,2,0,0,1,100.3,3541.4,0
3172,0,0,0,0,5,1,2,1,0,0,0,0,2,0,0,1,2,85.2,474.8,1
3917,0,0,0,0,54,1,2,1,0,0,0,2,2,2,0,1,2,100.1,5440.9,1
5145,1,0,0,1,44,1,0,2,1,1,1,1,1,1,2,0,0,19.55,819.95,0
3030,1,1,1,0,72,0,1,0,2,2,2,2,2,2,2,1,1,64.95,4546.0,0
5333,1,0,0,0,12,1,0,2,1,1,1,1,1,1,0,0,1,20.05,265.45,0
1851,0,0,1,1,25,1,2,1,0,0,2,0,0,2,0,1,2,89.1,2368.4,1
3526,1,0,1,0,49,1,2,1,2,2,0,0,2,0,0,1,0,93.85,4733.1,0
2865,0,1,1,0,38,1,2,1,2,2,0,0,0,2,1,0,1,95.0,3591.25,0
1921,1,0,1,1,63,1,0,1,0,2,2,0,0,0,0,1,1,80.3,4896.35,0
2781,0,0,1,1,70,1,2,0,2,0,0,0,0,2,1,0,0,65.2,4543.15,0
6132,0,1,0,0,22,1,2,1,0,0,0,0,0,0,0,1,0,74.4,1692.6,1
3524,0,0,0,0,30,1,2,1,0,0,2,0,2,2,0,0,2,100.45,3096.9,0
4941,0,0,0,0,1,1,2,1,0,0,0,0,0,0,0,0,2,76.0,76.0,1
6545,1,0,0,1,5,1,0,2,1,1,1,1,1,1,0,0,3,20.2,83.75,0
5357,0,0,1,0,72,1,2,1,0,2,2,2,2,2,2,1,2,110.15,7998.8,0
5644,0,1,0,0,40,1,0,1,2,2,0,0,0,0,0,1,1,79.2,3233.85,1
3541,1,1,0,0,43,1,2,1,0,0,0,0,2,0,0,1,2,84.85,3645.6,0
0,0,0,1,1,9,1,0,0,0,2,0,2,2,0,1,1,3,65.6,593.3,0
6031,1,0,0,0,3,1,0,0,2,0,2,0,2,2,0,1,2,77.4,206.15,0
5441,1,0,0,0,19,1,0,1,0,0,0,2,0,2,1,1,1,87.7,1725.95,0
119,0,0,0,0,15,1,0,1,2,0,2,2,2,2,0,0,2,105.1,1582.75,1
4067,0,0,0,0,61,1,2,1,2,2,2,2,2,2,1,1,2,118.6,7365.7,0
172,1,0,1,1,66,0,1,0,0,0,0,2,2,2,2,0,0,50.55,3364.55,0
4202,0,0,1,1,23,1,0,1,0,0,2,0,0,0,0,1,1,75.3,1702.9,0
3334,0,0,0,0,1,1,2,0,0,0,0,0,0,0,0,1,3,50.1,50.1,1
4802,1,0,0,0,72,1,2,1,0,2,2,0,2,2,2,1,2,103.65,7634.8,0
1750,1,0,0,0,7,1,0,2,1,1,1,1,1,1,1,0,3,19.5,128.6,0
1181,0,0,1,1,11,1,2,2,1,1,1,1,1,1,2,0,3,25.0,300.7,0
693,0,0,0,0,38,1,0,1,0,0,0,0,2,2,1,1,3,89.1,3342.0,0
6389,1,0,0,0,67,1,2,1,2,2,2,2,2,2,2,0,1,116.2,7752.3,1
2447,1,0,0,1,60,1,0,2,1,1,1,1,1,1,2,0,3,19.95,1189.9,0
2562,0,0,0,0,15,1,0,1,0,2,2,0,2,2,0,1,2,101.25,1457.25,1
1243,1,0,1,0,72,1,2,1,2,2,0,2,2,2,2,1,1,109.95,7852.4,0
4533,0,0,1,1,49,1,2,1,0,2,2,2,2,2,2,1,0,107.95,5293.2,1
1146,1,0,0,0,42,1,0,2,1,1,1,1,1,1,1,0,0,19.8,849.9,0
3413,1,0,0,0,39,1,0,0,0,0,0,2,0,0,2,1,0,49.8,1971.15,0
6433,0,0,1,0,1,1,0,0,2,2,0,0,0,0,0,1,3,53.55,53.55,0
789,0,0,1,1,67,1,2,1,2,0,2,2,2,2,2,1,1,108.75,7156.2,1
1681,0,1,1,0,72,1,2,2,1,1,1,1,1,1,2,1,1,25.7,1937.4,0
1854,1,0,0,0,9,1,2,1,0,0,0,0,2,0,0,1,2,85.35,758.6,1
1388,0,1,0,0,3,1,0,1,0,0,0,0,0,0,0,1,2,70.4,204.7,1
846,0,0,1,0,72,1,2,0,2,2,2,2,2,2,2,1,0,91.15,6637.9,0
4183,0,0,1,0,32,1,0,2,1,1,1,1,1,1,1,0,3,19.3,593.2,0
1683,0,1,0,0,54,1,2,0,0,2,0,2,2,0,1,0,3,72.1,3886.05,0
2209,1,0,0,0,5,1,0,0,0,0,2,0,2,2,1,1,3,70.0,347.4,1
2436,1,1,0,0,8,1,0,1,0,2,0,0,0,0,0,1,2,74.5,606.55,1
5624,0,0,1,1,45,1,2,0,2,2,2,2,2,0,0,0,3,81.3,3541.1,0
4411,0,0,1,0,17,1,2,0,0,2,0,0,2,2,0,1,0,75.4,1322.55,0
6411,1,0,0,0,47,1,2,1,2,2,0,2,2,0,0,0,3,100.75,4669.2,0
3706,1,0,1,1,72,1,2,1,0,0,2,0,0,2,2,1,1,90.8,6511.8,0
2357,1,0,0,0,34,1,0,2,1,1,1,1,1,1,0,0,3,19.7,675.6,0
4963,1,0,1,1,39,1,0,1,0,2,0,0,2,0,0,1,3,86.3,3266.0,1
4765,0,1,1,0,5,1,0,1,0,0,0,0,0,0,0,0,2,70.05,302.6,0
4773,0,0,1,0,72,1,2,1,2,2,2,2,0,0,2,1,0,97.0,7104.2,0
6032,0,0,0,0,14,1,0,1,0,2,0,2,0,0,0,1,1,80.05,1112.3,0
5918,1,1,0,0,27,1,2,1,0,2,0,2,2,2,1,1,0,104.65,2964.0,0
3952,1,0,1,1,27,1,0,1,2,2,0,0,0,0,1,1,1,80.65,2209.75,0
321,0,0,1,0,19,1,0,1,0,0,2,0,2,2,0,1,2,96.8,1743.05,0
4907,1,0,0,0,29,0,1,0,0,2,0,2,0,0,0,0,2,34.3,1004.75,0
3930,1,0,0,0,49,0,1,0,0,0,2,0,0,0,0,1,0,30.2,1453.1,0
3812,1,0,1,1,72,0,1,0,2,2,2,2,2,2,2,1,0,65.65,4664.5,0
1266,0,0,0,0,58,1,2,1,2,0,0,0,0,0,0,1,0,79.8,4526.85,0
5706,0,0,0,0,1,1,0,1,0,0,0,0,0,0,0,0,3,71.1,71.1,0
2251,0,0,1,0,61,1,0,1,2,2,0,2,0,2,1,0,0,93.7,5860.7,0
6833,0,0,1,1,13,1,0,0,2,0,0,2,0,0,1,0,0,54.15,701.05,0
576,1,0,0,1,62,1,0,2,1,1,1,1,1,1,2,0,0,20.0,1250.1,0
647,1,0,0,0,52,0,1,0,0,2,0,0,0,0,1,0,3,30.1,1623.4,0
4638,0,1,0,0,30,1,2,1,0,2,0,0,2,2,0,1,2,99.7,2967.35,1
5223,0,0,0,0,6,0,1,0,2,2,0,2,0,2,0,0,1,50.95,307.6,0
1023,0,0,0,0,1,1,0,0,0,0,0,0,0,0,0,0,2,43.8,43.8,0
6965,1,0,1,0,29,1,2,1,0,2,2,0,0,0,0,1,2,85.8,2440.25,0
5078,0,0,1,1,40,1,0,0,2,2,0,2,0,2,0,1,3,71.35,2847.2,0
3221,0,1,1,0,20,1,0,1,0,0,0,0,2,2,1,1,0,91.0,1859.5,0
116,1,0,0,0,25,1,2,2,1,1,1,1,1,1,1,0,0,25.3,676.35,1
1514,0,0,1,1,70,1,2,1,2,2,2,2,0,0,2,0,0,93.9,6579.05,1
5754,0,0,0,0,19,1,0,0,0,0,0,0,0,2,0,1,2,56.2,1093.4,0
4772,0,0,1,0,43,1,2,0,0,0,0,2,2,0,1,1,0,64.85,2908.2,0
6491,1,0,1,0,56,0,1,0,0,0,2,2,2,2,1,1,0,54.05,2959.8,0
1158,1,0,1,0,52,1,2,0,0,2,0,2,0,0,0,0,0,61.35,3169.55,0
3494,1,0,0,0,35,0,1,0,0,0,2,0,2,2,0,0,2,49.2,1701.65,0
5150,0,0,0,0,51,1,2,1,0,2,2,2,2,2,1,1,2,111.5,5703.25,0
183,1,0,1,1,52,0,1,0,0,2,2,2,2,0,2,0,3,50.2,2554.0,0
5077,0,1,0,0,66,1,2,1,0,0,2,2,2,2,1,1,1,102.85,6976.75,0
6526,0,0,1,1,71,1,2,1,2,2,2,2,2,2,2,0,1,113.65,8166.8,0
1460,0,0,0,0,28,1,2,0,0,0,0,2,0,0,0,1,1,54.9,1505.15,0
6996,0,0,0,0,12,0,1,0,2,0,2,2,0,2,2,0,3,49.85,552.1,0
3300,1,1,0,0,1,1,0,0,0,0,0,0,0,0,0,0,2,45.2,45.2,0
6153,0,0,1,0,61,1,2,1,0,0,2,2,2,2,1,1,0,103.3,6518.35,0
6644,1,0,1,1,27,1,2,1,0,2,0,2,0,0,0,1,1,85.2,2151.6,0
3672,1,1,1,0,1,1,2,1,0,0,0,0,2,2,0,1,2,95.1,95.1,1
4785,1,0,0,0,67,1,0,2,1,1,1,1,1,1,1,1,3,19.45,1195.95,0
5642,1,0,0,0,31,1,0,1,0,0,2,2,2,2,2,0,0,99.45,3109.9,0
4395,0,0,1,0,17,1,2,1,0,0,0,0,2,2,0,0,2,92.6,1579.7,0
3785,1,0,1,1,31,1,2,2,1,1,1,1,1,1,2,0,3,25.75,755.6,0
3329,1,0,1,1,60,1,2,1,2,0,2,0,2,0,1,1,0,95.4,5812.0,0
2525,0,0,1,0,71,1,2,2,1,1,1,1,1,1,2,1,1,24.45,1681.6,0
5048,0,0,1,1,72,1,0,0,2,2,2,2,2,2,2,1,0,83.7,6096.9,0
6580,1,0,1,0,24,1,2,0,2,0,0,2,0,0,1,1,2,58.35,1346.9,0
1968,1,0,1,1,72,1,0,2,1,1,1,1,1,1,2,0,1,19.4,1363.25,0
4399,0,0,0,0,22,1,2,1,0,0,0,0,0,0,1,1,1,76.0,1783.6,0
3183,0,0,1,0,71,1,2,2,1,1,1,1,1,1,2,1,0,24.65,1710.15,0
3186,0,0,1,0,11,1,0,0,0,0,0,0,0,0,0,1,2,44.05,483.7,1
4427,0,1,1,0,23,1,0,1,2,0,0,0,2,2,0,1,2,95.1,2326.05,0
5877,1,1,0,0,2,0,1,0,0,0,0,0,0,0,0,1,3,24.45,47.5,1
6498,0,0,1,1,69,1,2,0,2,0,0,2,0,0,2,0,1,61.4,4059.85,0
4637,0,0,1,1,23,1,0,0,2,2,0,2,0,0,1,1,3,57.75,1282.85,0
4517,1,0,0,0,1,0,1,0,0,0,0,0,0,0,0,0,0,24.8,24.8,1
6514,1,0,1,1,72,0,1,0,2,2,2,2,2,2,2,1,1,65.1,4754.3,0
5076,0,1,0,0,72,1,2,1,0,2,2,2,2,2,2,1,0,108.1,7774.05,0
4789,1,0,0,0,35,1,2,1,2,0,2,2,2,2,2,1,2,108.95,4025.5,0
5805,0,0,1,1,24,1,0,2,1,1,1,1,1,1,2,0,3,19.7,452.55,0
5039,0,0,0,0,15,1,2,2,1,1,1,1,1,1,0,1,1,25.4,399.6,1
5670,1,0,1,0,8,1,2,1,0,0,0,0,0,2,0,1,0,85.65,659.45,0
5605,0,0,1,1,23,1,2,1,0,0,0,0,0,2,0,0,2,85.6,1868.4,0
34,1,0,1,1,20,0,1,0,2,0,2,2,0,0,2,1,1,39.4,825.4,0
2771,1,0,1,0,47,1,2,1,0,0,0,0,2,2,1,1,1,95.2,4563.0,0
4114,0,1,0,0,7,1,0,0,0,2,0,0,0,0,0,1,3,51.3,419.35,0
3771,0,0,0,0,7,1,0,0,0,0,2,2,0,2,0,0,0,62.8,418.3,0
3986,1,0,0,0,4,1,0,2,1,1,1,1,1,1,1,0,3,19.95,68.2,0
6178,1,1,0,0,21,1,0,2,1,1,1,1,1,1,1,0,0,20.5,429.55,0
4794,1,0,1,0,72,1,2,2,1,1,1,1,1,1,2,1,0,23.55,1723.95,0
6406,1,0,1,0,23,1,0,0,2,0,0,0,0,2,0,1,0,59.95,1406.0,0
4546,0,0,0,0,66,1,2,1,2,2,2,2,2,0,1,1,0,104.55,6779.05,0
1113,0,0,1,1,68,1,2,1,0,0,0,0,2,0,1,1,2,83.0,5685.8,1
1079,1,0,0,0,12,1,2,1,0,0,0,2,2,2,0,1,3,99.95,1132.75,1
1820,0,1,1,0,26,1,0,1,0,2,0,0,0,2,0,0,2,84.95,2169.75,1
3891,0,0,1,1,52,1,2,1,0,2,2,0,2,0,1,1,1,95.7,4976.15,0
4438,1,0,0,0,4,1,0,0,0,0,0,2,0,0,0,1,3,50.8,202.3,0
2768,1,0,1,1,42,0,1,0,0,2,2,0,0,2,1,1,1,45.1,2049.05,0
2886,1,0,1,1,29,1,0,0,0,0,2,2,2,2,2,0,3,75.55,2054.4,0
1724,1,0,0,0,1,1,0,1,0,0,0,0,2,0,0,1,2,79.5,79.5,1
1103,1,1,0,0,45,1,2,1,0,0,0,0,2,2,0,1,0,93.9,4200.25,0
4264,1,0,0,0,41,1,0,2,1,1,1,1,1,1,2,0,3,20.15,802.35,0
5419,0,0,1,1,25,1,0,2,1,1,1,1,1,1,1,0,3,20.05,520.1,0
642,1,0,0,0,10,1,2,1,0,2,0,0,0,0,0,1,0,80.7,788.8,1
733,0,0,1,1,51,1,0,0,2,2,2,2,2,2,2,0,1,85.5,4421.95,0
2838,1,1,1,0,49,1,0,0,0,2,0,0,0,0,2,0,3,49.8,2398.4,0
6645,0,0,1,0,50,1,0,2,1,1,1,1,1,1,1,1,0,19.85,943.1,0
6776,1,0,0,1,47,1,0,2,1,1,1,1,1,1,1,0,1,20.55,1013.05,0
6126,1,0,0,0,3,1,2,1,0,0,0,0,0,0,0,0,3,75.0,209.1,1
2807,0,0,0,0,2,1,0,0,0,0,2,0,0,2,0,0,2,60.85,111.4,0
1101,0,0,0,0,12,1,0,0,0,0,0,0,0,0,0,1,0,45.0,524.35,0
5815,1,0,1,0,6,1,2,1,0,0,0,0,0,0,0,1,2,75.5,438.0,1
6429,1,0,0,0,59,1,2,0,0,0,2,0,0,0,2,0,1,54.15,3116.15,0
3860,0,0,1,0,19,1,0,0,0,2,0,0,0,2,0,1,3,59.8,1130.85,0
2464,0,0,1,1,43,1,2,1,0,0,2,0,2,2,0,1,0,99.3,4209.95,0
6628,0,0,1,1,38,1,0,2,1,1,1,1,1,1,2,1,3,19.95,756.4,0
6364,0,0,0,0,55,1,0,0,0,2,2,0,0,2,2,1,3,64.75,3617.1,0
5250,0,0,1,0,3,1,2,1,0,0,0,0,2,2,0,0,2,94.9,273.2,0
7022,0,0,1,0,71,1,2,2,1,1,1,1,1,1,2,1,1,24.4,1725.4,0
6390,1,0,1,1,22,1,2,1,0,0,2,0,2,0,0,1,2,88.75,1885.15,0
4313,1,0,0,0,18,1,0,2,1,1,1,1,1,1,0,0,3,19.25,331.35,0
3096,0,0,0,0,10,0,1,0,0,2,0,2,0,0,0,0,2,36.25,374.0,0
3587,0,0,1,1,17,1,0,0,2,0,0,2,0,0,0,1,1,55.35,920.5,0
4647,1,1,0,0,16,1,0,1,0,0,0,0,0,0,0,0,2,69.65,1043.3,0
3861,1,1,1,0,41,1,0,1,0,2,0,0,2,2,0,1,2,94.55,3851.45,0
1254,0,0,0,0,26,0,1,0,0,0,2,0,2,2,0,1,1,50.35,1277.5,0
3792,1,1,0,0,72,1,2,2,1,1,1,1,1,1,2,1,1,25.1,1789.9,0
1041,1,0,0,0,12,1,0,1,0,0,0,0,2,0,0,1,2,81.45,912.0,0
5221,1,0,0,0,37,1,0,0,2,2,2,2,0,0,2,0,0,65.6,2313.8,0
1875,1,1,0,0,2,1,2,1,0,0,0,0,2,2,0,1,2,94.0,181.7,1
4738,0,0,0,0,43,1,2,1,0,2,2,0,2,2,2,1,2,104.6,4759.85,1
7000,1,0,0,0,11,1,0,2,1,1,1,1,1,1,0,0,3,20.35,215.25,0
272,0,0,1,1,72,1,2,2,1,1,1,1,1,1,2,0,0,24.45,1709.1,0
1275,0,0,0,0,1,1,0,0,0,0,0,0,0,0,0,0,1,43.95,43.95,0
510,0,0,1,1,51,0,1,0,0,0,2,2,2,2,1,1,2,56.15,2898.95,0
6575,0,0,0,0,4,1,2,2,1,1,1,1,1,1,2,1,1,25.3,116.95,0
2401,0,0,0,0,71,1,0,0,2,2,2,2,2,0,2,0,1,77.35,5550.1,0
5347,1,0,1,0,27,1,0,2,1,1,1,1,1,1,2,0,0,19.55,520.55,0
5979,0,1,1,1,65,1,2,1,0,0,2,2,2,2,1,1,0,103.9,6767.1,0
4771,1,0,0,0,5,1,0,0,0,0,2,0,2,2,0,1,2,70.05,346.4,1
3119,0,0,1,1,52,1,2,1,2,2,2,0,0,2,0,0,0,98.15,4993.4,0
4036,1,1,0,0,31,1,2,1,0,2,0,0,2,0,0,1,2,90.7,2845.15,0
1525,0,0,1,1,72,1,2,1,0,2,2,0,2,2,1,1,1,103.2,7362.9,0
3648,0,0,0,1,3,0,1,0,0,2,0,0,0,0,0,0,3,29.65,90.05,0
2423,0,0,1,1,10,1,2,0,2,2,0,0,2,0,1,0,2,70.3,676.15,0
5974,1,0,1,1,6,1,0,1,0,2,0,0,0,2,0,1,1,83.55,477.55,1
2785,0,0,0,0,72,1,2,1,2,2,2,2,2,2,2,1,0,116.45,8013.55,0
473,1,0,0,0,4,1,0,2,1,1,1,1,1,1,0,1,3,19.65,67.55,0
6091,0,1,1,0,72,1,2,1,2,2,2,2,2,2,2,1,1,116.75,8277.05,0
6297,0,0,0,0,21,1,0,2,1,1,1,1,1,1,2,1,1,20.85,435.25,0
3688,0,0,1,1,12,1,2,2,1,1,1,1,1,1,2,0,1,25.25,274.7,0
3289,1,0,1,1,2,1,0,2,1,1,1,1,1,1,1,0,3,20.2,34.75,0
72,1,0,1,1,37,0,1,0,2,2,2,0,0,0,0,0,0,40.2,1448.8,1
6177,0,0,0,0,57,0,1,0,2,0,2,2,0,0,1,1,1,41.1,2258.25,0
3492,1,0,1,1,34,1,2,1,0,2,0,0,2,2,0,1,0,97.7,3410.0,0
1740,1,0,1,0,61,1,2,1,0,2,0,2,2,0,2,1,2,94.1,5638.3,1
1328,0,1,1,0,1,1,0,0,0,0,0,0,0,0,0,0,2,46.0,46.0,1
4271,0,0,1,1,34,1,0,2,1,1,1,1,1,1,0,0,3,20.65,716.4,0
3620,1,0,0,0,8,0,1,0,2,0,0,0,0,0,0,0,3,29.35,216.45,0
1453,1,0,0,0,43,0,1,0,2,0,2,0,0,0,1,1,1,35.2,1463.7,0
4301,1,0,0,1,41,1,0,0,2,2,2,0,2,0,1,0,3,70.2,2894.55,0
5912,0,0,0,0,7,1,0,1,0,0,2,0,0,0,0,1,2,75.15,525.0,0
6144,0,0,1,1,70,1,2,1,0,2,2,2,2,2,2,1,2,110.2,7689.8,0
294,1,0,0,0,3,1,0,1,0,0,0,0,2,2,0,0,3,90.7,237.65,0
6713,1,0,0,0,26,1,0,2,1,1,1,1,1,1,1,1,1,20.65,595.5,0
1823,1,1,0,0,10,1,2,1,0,0,0,0,2,2,0,1,2,95.35,898.35,1
1431,1,0,0,0,3,0,1,0,2,2,0,0,0,0,0,1,3,35.45,106.85,1
4820,1,0,1,1,24,1,2,0,2,0,0,0,2,2,1,0,3,74.8,1821.2,0
3084,0,0,0,1,35,1,2,0,0,0,0,0,0,0,0,0,3,50.15,1655.35,0
985,0,0,0,0,12,1,0,2,1,1,1,1,1,1,1,0,3,19.7,260.9,0
1050,0,0,0,0,24,1,2,2,1,1,1,1,1,1,2,0,1,25.15,553.0,0
3738,1,0,1,1,52,1,0,2,1,1,1,1,1,1,1,1,1,20.85,1071.6,0
4158,0,0,0,0,11,1,2,1,0,0,0,0,0,0,0,0,2,75.25,888.65,0
1301,1,1,1,0,33,1,2,1,0,2,0,0,2,2,0,1,0,100.6,3270.25,0
4178,0,0,1,1,55,1,2,0,2,2,0,2,2,0,1,1,1,75.0,4213.9,0
6499,0,1,1,0,55,1,0,1,0,0,2,2,2,0,2,0,1,88.8,4805.3,0
2784,1,0,0,0,1,1,0,0,0,0,0,0,0,0,0,1,0,44.05,44.05,0
412,0,1,0,0,1,0,1,0,0,0,0,0,0,0,0,0,2,25.25,25.25,1
1142,1,0,0,0,23,1,0,2,1,1,1,1,1,1,1,0,3,20.45,481.1,0
1708,0,0,1,1,31,1,0,2,1,1,1,1,1,1,0,1,3,19.55,658.95,1
3410,1,0,1,1,29,1,0,1,2,0,0,0,2,2,0,0,1,94.65,2649.15,1
1766,0,0,1,1,59,1,2,0,2,2,0,2,0,0,1,0,3,65.5,3801.3,0
5636,0,0,0,0,60,1,2,0,2,0,2,2,0,0,1,0,2,64.75,4039.5,0
1377,1,0,1,1,65,1,2,0,0,2,2,2,2,2,2,1,0,84.2,5324.5,0
4417,1,1,0,0,6,1,0,1,0,0,0,0,2,0,0,1,2,79.7,497.6,0
617,1,0,1,1,69,1,0,2,1,1,1,1,1,1,2,0,0,20.2,1376.5,0
5836,1,0,0,0,16,0,1,0,2,2,2,2,2,0,2,0,3,54.85,916.15,0
726,1,0,1,0,55,1,2,2,1,1,1,1,1,1,2,0,0,25.7,1443.65,0
785,0,0,0,0,51,1,0,1,0,0,0,0,2,2,1,0,1,87.55,4475.9,0
6350,0,0,0,0,1,1,0,2,1,1,1,1,1,1,0,0,2,18.85,18.85,0
3295,1,0,0,0,67,0,1,0,2,0,2,2,2,0,1,1,0,49.35,3321.35,0
887,0,0,0,0,35,1,0,2,1,1,1,1,1,1,1,0,3,21.1,741.0,0
4760,0,0,1,1,61,0,1,0,0,2,2,2,2,0,2,0,1,51.35,3244.4,0
388,1,1,1,0,60,1,0,1,0,2,2,0,2,2,1,1,2,97.95,5867.0,0
1068,0,0,0,0,43,1,2,1,2,2,2,2,2,2,2,0,1,115.05,4895.1,0
2432,0,0,1,1,70,1,2,0,2,2,2,2,2,0,2,0,0,79.7,5743.3,0
6261,1,0,0,0,48,1,0,2,1,1,1,1,1,1,1,0,0,19.95,1004.5,0
6052,1,0,0,0,17,1,0,2,1,1,1,1,1,1,1,1,0,19.65,351.55,0
6517,0,0,0,0,52,1,2,1,2,2,0,2,2,2,1,1,1,111.25,5916.45,1
5325,0,0,1,1,5,1,0,0,0,0,0,0,0,0,0,0,3,44.8,220.45,0
2284,1,0,1,0,58,1,2,0,2,2,2,0,2,2,2,1,2,86.1,4890.5,0
3008,1,1,1,1,50,1,2,0,2,2,2,0,0,2,2,1,0,75.15,3822.45,0
5541,0,0,0,0,18,1,2,1,0,0,0,0,0,0,0,1,2,74.15,1345.75,0
3397,0,1,0,0,22,1,0,1,2,2,0,0,0,0,0,0,2,81.7,1820.9,0
3421,0,1,0,0,6,1,0,1,0,0,0,0,2,2,0,1,2,89.35,567.8,0
6902,0,1,1,0,2,1,0,1,0,0,0,0,0,0,0,1,2,69.3,153.8,0
2788,0,0,1,1,67,1,2,2,1,1,1,1,1,1,2,1,3,24.9,1680.25,0
3856,0,0,0,0,32,1,2,0,0,2,0,0,0,0,0,1,2,54.2,1739.6,0
3737,0,0,0,0,4,0,1,0,0,0,0,0,0,0,0,1,2,24.45,86.6,1
2481,0,0,0,0,33,1,2,1,0,0,0,0,0,2,0,1,2,83.35,2757.85,1
6706,0,0,0,0,18,1,2,1,0,0,0,2,0,2,0,1,2,90.1,1612.75,1
5060,1,0,1,1,66,1,0,0,2,2,2,2,0,0,2,0,3,65.85,4097.05,0
5085,1,1,1,0,43,1,2,1,0,2,2,0,2,2,0,1,2,103.0,4414.3,1
2229,0,0,1,1,46,1,0,2,1,1,1,1,1,1,2,0,0,20.25,890.35,0
5447,0,0,0,0,1,1,0,1,0,0,0,0,0,0,0,1,2,69.6,69.6,1
3315,1,0,0,1,6,1,0,2,1,1,1,1,1,1,0,0,3,19.65,100.9,0
6294,1,1,1,0,54,0,1,0,0,0,0,0,0,0,0,1,0,24.95,1364.75,0
4003,1,1,0,0,2,1,0,1,0,2,2,2,0,2,0,1,1,95.1,180.25,1
724,1,0,1,1,25,1,0,2,1,1,1,1,1,1,1,0,2,19.9,505.45,0
5984,1,0,0,0,10,1,0,2,1,1,1,1,1,1,0,1,1,20.0,198.6,0
1733,1,0,1,0,60,1,2,1,2,0,2,2,2,2,0,1,0,109.45,6572.85,0
2465,0,0,0,0,17,1,0,2,1,1,1,1,1,1,2,0,3,19.4,358.05,0
5261,1,0,1,0,18,1,0,0,0,0,2,0,0,0,0,1,3,49.55,878.35,1
5084,1,0,0,0,8,1,0,2,1,1,1,1,1,1,0,1,1,20.45,162.3,0
3985,0,0,1,0,46,1,2,0,2,0,0,0,0,0,0,0,2,53.1,2459.8,0
5378,1,1,0,0,34,1,0,1,0,0,0,0,0,0,0,0,1,69.15,2275.1,0
5301,0,0,0,0,4,1,2,1,0,0,0,0,2,0,0,1,2,85.65,321.65,1
2205,1,0,1,1,34,1,2,1,0,0,2,0,0,2,0,1,1,90.05,3097.0,0
5322,0,0,1,0,19,1,0,1,2,0,0,0,0,0,0,1,2,73.2,1441.1,1
478,1,0,0,0,4,1,2,1,0,0,0,0,0,2,0,1,2,85.65,338.9,1
623,1,0,1,0,61,1,2,0,2,0,2,0,0,2,2,1,3,69.9,4226.7,0
3158,0,0,0,0,2,1,0,1,0,0,0,0,2,0,0,1,2,80.2,146.05,1
1385,0,0,1,1,65,1,2,2,1,1,1,1,1,1,2,0,1,26.0,1654.85,0
1099,1,0,1,1,60,1,2,2,1,1,1,1,1,1,1,0,1,23.95,1506.4,0
1230,1,0,0,0,1,1,0,1,0,0,0,0,0,0,0,1,2,69.55,69.55,1
1109,0,0,0,0,1,1,0,2,1,1,1,1,1,1,0,1,3,19.55,19.55,0
3839,0,0,1,1,32,1,0,0,2,2,2,2,0,2,0,0,0,76.3,2404.15,0
6484,0,0,1,1,38,1,0,2,1,1,1,1,1,1,0,0,3,20.45,781.25,0
3505,1,0,0,1,29,1,0,2,1,1,1,1,1,1,1,0,3,19.85,535.05,0
6988,0,0,1,0,21,1,2,1,0,0,0,0,2,2,0,1,2,94.3,1948.35,0
2372,0,1,1,1,72,1,2,0,2,2,2,2,2,2,2,1,1,89.55,6448.85,0
5861,0,0,1,0,72,1,2,2,1,1,1,1,1,1,2,0,1,24.85,1871.85,0
2831,0,1,1,0,31,0,1,0,2,2,2,0,0,2,1,1,1,50.4,1580.1,0
2971,1,1,1,0,30,1,0,1,0,2,2,0,0,0,0,1,3,79.65,2365.15,1
3539,0,0,0,0,10,1,2,2,1,1,1,1,1,1,0,1,3,24.5,270.15,0
4908,1,0,0,0,1,1,2,0,0,2,0,0,0,0,0,0,2,54.3,54.3,0
169,1,0,1,1,72,1,2,0,2,2,2,2,0,0,2,0,0,69.85,5102.35,0
432,0,0,0,0,23,1,2,1,2,0,0,0,2,0,0,1,0,90.05,2169.8,1
6804,0,0,0,0,45,1,2,1,2,2,2,2,2,2,0,1,2,115.65,5125.5,0
4215,0,0,1,1,8,1,0,1,0,2,0,0,2,0,0,1,2,83.55,680.05,1
1081,0,0,1,1,51,1,0,2,1,1,1,1,1,1,2,0,3,19.95,1028.75,0
5006,0,0,0,0,37,1,2,0,2,0,0,0,2,0,1,0,0,64.65,2347.85,0
685,1,0,0,1,7,1,0,2,1,1,1,1,1,1,1,0,3,19.45,136.75,0
3754,0,1,1,0,11,1,2,1,0,0,2,2,2,2,0,1,0,104.05,1133.65,1
4756,0,0,1,0,70,1,0,0,2,2,2,2,2,2,2,0,1,86.45,5950.2,0
4091,0,0,1,0,72,1,2,1,2,2,2,0,2,0,2,0,0,100.65,7334.05,0
1810,1,0,0,1,27,1,2,1,0,0,0,2,0,0,0,1,2,79.5,2180.55,1
1788,1,0,1,0,64,1,2,0,0,2,2,2,2,0,2,1,0,76.1,4818.8,0
2510,1,0,0,0,10,1,0,1,2,0,2,0,2,2,1,1,2,98.9,1064.95,0
6918,1,0,0,0,66,1,2,1,0,2,0,2,2,2,1,1,2,104.25,6860.6,0
606,1,0,0,0,1,1,0,0,0,0,0,0,0,0,0,1,3,45.7,45.7,1
6102,0,0,1,0,2,1,0,1,0,2,2,0,0,0,0,0,0,79.7,165.0,1
6380,1,0,0,0,26,1,0,1,0,2,0,0,0,0,1,0,0,75.5,2018.1,0
3610,1,0,0,0,31,1,0,2,1,1,1,1,1,1,2,0,3,20.45,638.55,0
2957,1,1,0,0,2,1,0,0,0,0,2,0,0,0,0,0,3,49.95,107.1,0
581,1,0,1,0,72,1,2,1,2,2,2,2,0,2,2,0,0,105.6,7581.5,0
5627,1,0,1,1,11,1,0,1,0,0,0,0,2,2,0,0,2,90.6,1020.2,0
1058,1,0,1,0,71,1,2,1,2,2,2,0,2,0,2,1,2,99.0,6994.6,0
5229,0,1,0,0,64,1,0,0,2,2,0,2,2,0,2,1,1,70.2,4481.0,1
3998,0,0,1,0,58,1,2,0,2,0,2,2,2,2,2,1,2,84.3,4916.4,0
4016,1,0,1,1,42,0,1,0,2,0,2,2,2,0,2,0,1,48.15,2032.3,0
905,1,0,1,1,72,1,2,1,2,2,2,0,2,2,2,1,1,108.4,7767.25,0
2756,0,1,1,0,50,1,0,1,0,0,0,0,0,0,0,1,2,71.05,3444.85,1
918,1,0,1,1,55,1,0,0,0,0,2,2,0,0,2,1,1,55.25,3119.9,0
5170,1,0,0,0,28,1,2,1,0,2,0,0,2,2,1,0,2,100.2,2688.45,0
5779,0,0,0,0,6,1,0,1,0,2,0,0,0,2,0,1,3,85.95,514.6,0
2671,0,0,1,1,63,1,0,0,2,2,2,2,2,0,2,0,1,75.55,4707.85,0
3368,1,0,0,1,8,1,0,2,1,1,1,1,1,1,0,0,0,19.45,159.2,0
6326,0,0,1,0,56,1,2,2,1,1,1,1,1,1,1,0,2,24.3,1261.7,0
323,0,1,0,0,45,1,2,1,0,0,2,0,2,2,1,1,0,102.15,4735.35,0
4617,1,0,1,0,15,1,0,2,1,1,1,1,1,1,1,0,3,18.8,294.95,0
712,0,0,1,0,17,0,1,0,0,2,2,0,0,0,0,1,1,35.65,646.05,0
2006,0,0,1,0,25,0,1,0,0,0,0,0,2,0,0,1,0,34.0,853.0,1
3890,0,0,0,0,68,0,1,0,2,0,2,2,0,0,2,0,3,38.9,2719.2,0
6486,0,1,1,0,24,1,2,1,0,0,0,0,2,2,0,1,2,93.55,2264.05,1
354,0,0,0,0,1,1,0,1,0,0,0,0,0,0,0,0,3,70.75,70.75,1
6221,0,0,0,0,28,0,1,0,0,0,2,0,0,0,0,1,3,29.75,790.7,0
6488,0,0,1,0,7,1,0,1,0,0,2,0,0,0,0,1,0,75.15,496.9,1
5702,1,0,1,0,40,0,1,0,2,2,2,0,0,0,1,1,2,42.35,1716.45,1
6008,0,0,0,0,5,1,0,1,0,2,0,2,0,2,0,1,2,89.35,461.7,1
1004,1,0,0,0,1,1,2,1,0,0,0,0,0,0,0,1,2,75.1,75.1,0
1173,0,0,0,0,2,1,0,0,0,0,0,0,0,0,0,0,2,44.45,82.7,0
3660,1,0,0,0,4,1,2,0,0,0,0,2,0,2,0,0,3,65.55,237.2,0
6699,1,0,0,0,27,1,0,0,2,0,2,2,2,2,1,0,2,81.7,2212.55,0
6732,0,0,0,0,36,0,1,0,2,0,0,0,0,0,2,0,0,31.05,1126.35,0
353,0,0,1,1,20,1,0,2,1,1,1,1,1,1,0,0,3,20.35,442.6,0
1285,0,0,1,0,36,1,0,1,0,0,0,0,0,2,0,0,2,80.4,2937.65,0
7036,0,0,0,0,1,1,0,1,0,0,0,0,0,0,0,1,3,70.15,70.15,1
6982,1,0,1,1,20,1,2,1,0,2,0,2,2,0,0,0,3,96.8,1826.7,0
1647,1,0,0,1,4,1,0,0,2,0,0,0,0,0,0,0,2,49.35,219.65,1
5217,0,0,1,1,51,0,1,0,2,0,0,2,0,0,2,0,0,34.2,1782.0,0
5803,0,0,0,0,11,1,2,1,0,0,2,0,2,2,0,1,0,97.85,1105.4,1
888,1,1,1,1,68,1,2,1,0,0,2,2,2,2,1,1,1,107.15,7379.8,0
6017,1,0,0,0,18,1,0,2,1,1,1,1,1,1,1,0,3,20.1,401.85,0
2055,0,0,0,0,9,1,0,1,0,0,2,0,0,2,0,1,1,85.3,781.4,0
1580,1,0,1,0,72,1,2,0,0,2,2,0,2,2,2,0,0,82.15,5784.3,0
5303,1,0,0,0,57,1,0,2,1,1,1,1,1,1,2,0,1,20.55,1252.85,0
431,1,0,1,1,22,1,0,0,2,0,2,2,2,0,1,1,0,67.5,1544.05,1
3925,1,0,1,1,25,1,0,1,0,0,0,2,2,0,0,0,2,85.9,2199.05,0
541,1,0,1,1,71,1,2,0,2,2,2,2,2,2,2,0,2,90.4,6668.05,0
5294,0,0,1,1,14,1,0,2,1,1,1,1,1,1,2,0,3,18.8,255.55,0
1392,0,0,1,0,21,1,2,1,0,0,0,0,0,2,0,1,2,86.5,1808.7,1
5783,0,0,0,0,54,1,0,0,2,0,2,2,2,2,2,0,2,80.6,4299.95,0
2167,1,0,1,1,19,1,2,0,0,0,0,0,0,0,0,0,1,50.1,910.45,0
4845,1,0,1,1,12,1,0,2,1,1,1,1,1,1,2,0,0,21.05,262.05,0
953,1,0,0,0,16,1,2,1,0,2,0,0,0,0,0,1,3,80.55,1248.9,0
797,0,0,1,1,65,1,2,1,2,0,2,2,2,2,2,0,2,109.3,7337.55,0
826,1,0,1,1,23,1,2,0,0,0,0,0,0,0,1,1,1,48.35,1067.15,1
6077,0,0,0,0,15,1,2,0,0,0,0,0,0,0,0,1,2,49.1,679.55,1
2967,1,0,1,0,2,1,0,2,1,1,1,1,1,1,0,0,3,20.0,38.0,0
3262,1,0,0,0,2,1,2,0,0,0,0,0,0,2,0,0,0,62.05,118.3,1
118,0,0,1,0,54,1,2,1,2,2,2,2,2,2,1,1,3,114.65,6049.5,0
4267,1,1,0,0,54,0,1,0,0,2,2,0,2,2,1,1,2,55.45,2966.95,0
1118,0,0,0,0,5,1,0,0,0,0,0,0,0,0,0,1,1,44.05,202.15,0
6114,0,1,0,0,64,1,2,0,0,2,2,2,0,2,0,0,1,74.65,4869.35,0
2602,1,0,1,0,60,1,2,1,0,0,2,0,2,2,2,0,1,101.15,6067.4,0
1125,0,0,1,0,68,1,2,0,2,2,2,2,2,2,2,1,2,91.7,6424.7,0
97,0,0,1,0,19,1,2,1,0,0,0,0,2,0,0,1,2,86.85,1564.4,0
2148,1,1,1,0,14,1,0,2,1,1,1,1,1,1,1,0,3,19.65,228.65,0
5907,0,0,1,1,7,1,0,2,1,1,1,1,1,1,2,0,3,19.85,144.15,0
4462,1,0,1,1,33,1,0,0,0,0,2,2,2,2,1,1,3,73.9,2405.05,1
634,1,0,0,0,3,1,0,0,2,0,0,0,0,0,0,1,3,50.15,160.85,0
6417,0,0,1,1,12,1,0,0,0,0,2,0,2,0,0,1,1,58.35,740.55,0
6152,0,0,1,1,31,1,2,1,0,2,0,0,0,2,0,1,2,91.15,2995.45,1
5928,1,0,0,0,2,0,1,0,0,0,2,0,2,2,0,1,2,49.25,90.35,1
6002,0,0,1,0,57,1,2,1,2,0,0,0,2,2,0,1,2,99.65,5497.05,0
4774,1,0,0,0,15,1,0,1,0,0,2,0,2,0,0,0,2,85.3,1219.85,0
1075,1,0,0,0,8,1,2,1,0,2,2,0,2,0,0,1,2,94.0,773.65,1
1,1,0,0,0,9,1,2,0,0,0,0,0,0,2,0,0,3,59.9,542.4,0
1799,1,0,1,1,67,1,0,2,1,1,1,1,1,1,2,1,1,19.4,1284.2,0
2913,1,0,1,0,5,1,2,1,0,2,0,0,0,0,0,1,2,81.3,416.3,1
5098,1,0,1,1,58,1,2,0,2,2,2,2,0,0,2,0,1,71.6,4230.25,0
6828,0,0,1,1,10,1,0,0,0,2,0,2,0,2,0,1,2,65.5,616.9,0
1509,1,0,0,0,9,1,2,1,0,0,0,0,2,0,0,1,2,85.5,791.7,0
6371,1,0,0,0,7,1,2,2,1,1,1,1,1,1,0,1,0,25.05,152.95,0
3169,1,0,1,1,55,1,0,0,2,0,0,0,0,2,1,0,1,59.45,3157.0,0
4687,0,0,1,1,71,0,1,0,2,2,0,2,2,2,2,0,3,58.65,4145.25,0
2202,1,0,0,1,2,1,0,2,1,1,1,1,1,1,0,0,3,19.25,48.35,0
5916,0,0,1,1,50,1,0,1,0,0,0,0,0,0,0,1,0,69.75,3557.7,0
3286,0,0,0,1,8,1,0,2,1,1,1,1,1,1,0,0,3,19.95,170.9,0
3059,1,0,1,1,32,1,0,1,2,2,0,0,0,2,1,1,2,90.8,3023.85,0
4363,0,0,0,0,26,1,0,1,2,0,2,2,0,0,1,1,1,87.15,2274.1,0
39,1,0,1,1,27,1,2,1,0,0,0,0,0,0,0,1,0,75.75,1929.0,0
4156,0,0,1,1,23,1,0,2,1,1,1,1,1,1,1,0,3,20.05,415.1,0
5203,1,0,0,1,32,1,0,2,1,1,1,1,1,1,2,0,3,20.5,696.8,0
1053,0,0,0,0,12,1,0,2,1,1,1,1,1,1,0,0,3,20.4,266.6,0
6841,1,0,1,1,71,1,2,1,2,0,0,0,2,2,2,1,2,97.2,6910.3,0
3662,1,0,1,0,2,1,0,0,0,2,0,2,0,2,0,1,3,64.2,143.65,0
5821,0,0,1,1,24,1,0,2,1,1,1,1,1,1,1,0,3,19.9,533.5,0
462,0,0,1,1,72,1,2,1,2,2,2,2,2,2,2,1,1,116.4,8543.25,0
348,1,0,1,1,28,1,0,1,0,2,2,0,2,2,1,0,0,100.35,2799.0,0
4628,0,0,1,1,69,0,1,0,0,2,2,0,2,2,2,1,1,54.95,3772.5,0
3946,1,0,0,1,10,1,2,2,1,1,1,1,1,1,0,0,1,24.8,223.9,0
2166,0,0,0,0,41,1,0,2,1,1,1,1,1,1,2,0,3,20.0,810.3,0
7018,1,0,1,1,72,1,2,1,2,2,2,2,0,2,2,0,1,103.95,7517.7,0
1327,1,0,1,0,7,0,1,0,2,2,0,0,0,0,0,0,3,34.2,256.6,0
3444,0,0,1,1,22,1,2,2,1,1,1,1,1,1,2,0,1,25.25,555.4,0
2600,0,0,0,0,37,1,2,0,2,2,2,2,2,0,0,1,1,78.9,2976.95,0
5977,1,0,0,0,22,1,2,1,2,0,0,0,2,2,0,1,0,101.35,2317.1,1
4090,0,0,0,0,8,1,0,0,0,0,0,2,0,0,0,0,2,49.4,408.25,0
3445,1,0,1,1,32,1,0,1,0,0,0,0,0,0,0,1,0,69.75,2347.9,1
2592,1,0,0,0,45,1,0,2,1,1,1,1,1,1,1,1,2,20.4,930.45,1
1552,0,1,1,0,4,1,2,1,2,0,0,0,2,2,0,1,2,99.6,347.65,1
2407,0,0,0,0,4,1,0,0,0,0,0,0,2,0,0,0,1,55.5,227.35,0
2911,0,0,0,0,5,1,0,2,1,1,1,1,1,1,0,0,1,19.85,108.05,1
248,1,0,0,0,23,1,2,1,0,0,0,2,2,0,0,1,2,90.6,1943.2,1
6106,1,0,0,0,14,0,1,0,0,0,2,2,2,2,0,1,2,55.0,771.95,0
463,0,0,0,0,53,1,2,1,0,2,2,0,2,2,2,0,2,105.55,5682.25,0
964,1,0,0,0,7,0,1,0,2,0,2,0,0,0,1,0,3,35.3,264.8,0
3165,0,0,1,1,46,1,2,2,1,1,1,1,1,1,1,0,3,24.95,1165.9,0
1086,1,1,0,0,19,1,0,1,2,0,0,0,0,2,0,1,2,87.3,1637.3,0
1402,1,0,1,1,2,1,0,1,0,0,0,0,2,2,0,1,0,89.55,185.55,1
6163,0,0,1,0,26,1,0,0,0,2,2,2,2,2,0,0,0,81.9,2078.55,0
6034,1,0,0,0,35,1,2,1,2,2,2,2,0,0,0,1,3,96.75,3403.4,0
1978,1,0,0,1,1,0,1,0,0,0,0,0,0,0,0,1,2,24.7,24.7,0
1480,0,0,0,0,34,1,0,0,2,2,0,0,0,0,1,0,3,55.0,1885.15,0
4120,1,1,1,0,62,1,2,1,2,2,2,0,0,0,0,1,2,89.1,5618.3,0
3568,0,0,0,1,43,1,0,1,2,2,0,2,2,2,1,1,1,106.0,4532.3,0
4069,1,0,1,1,70,1,2,1,2,2,0,0,2,0,0,1,1,97.55,6669.05,0
5288,1,0,0,0,16,1,0,2,1,1,1,1,1,1,2,0,1,18.95,326.8,0
1651,1,0,1,1,55,1,0,2,1,1,1,1,1,1,2,0,3,20.5,1177.95,0
6161,1,0,0,0,37,0,1,0,0,0,0,0,2,0,2,0,1,35.8,1316.9,0
4925,1,1,0,0,20,1,0,1,0,0,0,0,0,0,0,0,1,71.3,1389.2,1
3171,0,0,0,0,16,1,2,1,0,0,0,0,0,0,0,0,2,72.65,1194.3,1
475,0,0,1,0,53,1,0,1,0,0,2,0,2,2,1,1,0,94.85,5000.2,1
4721,1,0,0,0,1,1,0,0,0,0,0,0,0,0,0,1,0,43.85,43.85,0
2079,1,0,1,1,40,1,2,0,0,0,2,0,2,2,0,1,2,74.55,3015.75,0
6657,1,1,1,0,71,1,0,0,2,2,0,2,2,0,1,1,0,71.0,5012.1,0
6565,0,0,1,0,60,1,2,1,0,2,2,2,2,2,2,1,1,110.8,6640.7,0
890,0,0,1,1,70,1,2,2,1,1,1,1,1,1,2,0,0,24.7,1685.9,0
3722,1,1,0,0,8,0,1,0,0,0,2,0,0,0,0,1,2,29.4,221.9,1
6361,0,1,1,0,60,0,1,0,0,2,0,0,2,2,2,1,1,49.45,2907.55,0
4551,1,0,1,1,1,1,0,1,0,0,0,0,0,0,0,1,2,68.5,68.5,1
6374,0,0,0,0,8,1,0,2,1,1,1,1,1,1,2,0,3,20.85,161.65,0
1395,0,0,0,0,29,1,2,0,0,0,0,0,2,2,1,1,1,71.0,2080.1,0
1381,0,0,0,0,5,1,2,0,0,2,0,0,0,2,0,1,2,64.0,370.25,0
3804,1,0,0,0,2,1,0,1,0,0,2,0,2,2,0,0,2,94.95,178.1,1
4101,0,0,0,0,1,1,0,1,0,0,0,0,2,2,0,0,2,90.6,90.6,1
2826,0,0,0,0,25,1,2,1,0,2,2,2,2,2,2,0,2,108.9,2809.05,0
4903,0,1,0,0,72,1,2,1,2,2,2,2,2,2,2,1,1,117.35,8436.25,0
3442,1,0,0,0,14,1,0,2,1,1,1,1,1,1,0,0,1,19.6,300.4,0
4581,0,1,0,0,57,1,0,0,2,0,2,2,2,0,2,0,0,69.85,4003.0,0
1769,1,0,1,0,54,0,1,0,0,2,0,0,0,0,0,0,2,30.4,1621.35,0
1654,1,1,1,1,41,1,2,1,0,2,2,2,2,2,1,1,2,111.95,4534.9,1
2142,1,0,1,1,3,1,0,1,2,2,0,0,2,0,0,0,2,89.85,248.4,0
4095,1,0,0,0,24,1,2,2,1,1,1,1,1,1,1,0,2,24.6,592.65,0
171,1,0,1,1,8,1,0,0,0,0,0,0,2,0,0,1,2,54.4,475.1,0
2590,1,0,1,1,2,1,0,1,0,0,2,2,0,2,0,0,1,90.0,190.05,1
3200,0,0,1,1,4,1,0,1,0,0,2,0,0,0,0,1,2,73.75,325.45,1
4145,1,0,0,0,1,1,0,0,0,0,0,0,0,0,0,0,3,44.45,44.45,0
604,1,0,0,0,62,1,2,0,2,2,2,2,0,0,2,0,0,69.4,4237.5,0
5853,1,0,1,0,64,1,2,1,2,2,2,0,0,0,1,0,0,89.45,5692.65,0
2800,1,0,0,0,36,1,0,2,1,1,1,1,1,1,1,1,1,20.35,695.85,0
6899,0,1,0,0,14,0,1,0,2,0,2,2,0,0,2,0,3,39.7,692.35,0
3161,0,0,1,1,58,1,2,2,1,1,1,1,1,1,2,0,1,25.15,1509.9,0
1322,0,1,0,0,14,1,2,1,0,2,0,0,0,0,0,1,2,78.95,1101.85,1
596,1,0,0,0,17,1,2,0,2,0,0,0,0,2,0,0,0,65.75,1111.2,0
1059,0,0,1,1,4,1,2,0,0,2,0,2,0,0,0,1,3,58.5,224.85,0
5423,1,1,0,0,12,0,1,0,0,2,0,0,0,0,0,1,1,29.35,381.2,0
4547,1,0,1,1,72,1,2,0,2,2,2,2,2,2,2,1,3,89.4,6376.55,0
2951,1,1,0,0,2,1,0,0,0,0,0,0,0,0,0,0,3,44.95,85.15,1
6023,1,0,1,1,59,1,0,2,1,1,1,1,1,1,2,0,3,19.5,1147.85,0
776,1,0,1,1,61,1,0,1,0,2,0,2,2,2,1,1,0,98.45,6145.2,0
6263,1,0,1,1,10,1,0,0,0,2,0,0,0,0,1,0,3,49.55,475.7,0
208,1,0,0,1,3,1,2,2,1,1,1,1,1,1,2,1,3,26.4,121.25,0
889,1,0,1,1,71,1,2,1,0,2,0,2,0,0,2,1,2,84.8,6152.4,0
538,0,0,0,0,4,1,2,1,2,0,0,0,0,0,0,1,2,80.15,319.85,0
2114,0,0,1,0,48,0,1,0,0,2,2,0,0,0,1,0,3,34.7,1604.5,1
5339,1,0,0,0,18,1,0,2,1,1,1,1,1,1,0,0,3,20.05,358.5,0
6854,1,0,0,0,39,1,0,1,0,0,2,2,0,0,1,0,2,81.9,3219.75,0
4636,1,0,1,1,9,0,1,0,0,2,0,0,0,0,0,1,2,29.95,248.95,1
5666,1,0,0,0,1,1,0,2,1,1,1,1,1,1,0,1,3,19.6,19.6,1
3000,0,0,1,1,65,1,2,0,0,2,0,2,2,2,2,1,0,79.4,5071.9,0
5813,0,0,0,0,2,1,0,1,0,0,0,0,0,2,0,0,2,80.75,159.45,1
7041,1,0,1,1,67,1,0,0,2,0,2,2,0,2,2,0,3,67.85,4627.65,0
2576,1,0,0,0,60,1,2,1,2,2,2,2,2,2,1,1,1,116.6,7049.5,0
6225,0,0,0,0,2,1,0,0,0,2,0,0,0,0,0,0,3,49.2,103.7,0
3278,1,0,0,0,57,1,2,1,0,0,0,0,2,0,1,1,2,86.9,4939.25,0
102,1,0,1,1,62,1,0,1,2,2,2,2,2,2,2,0,3,108.15,6825.65,0
881,1,0,1,1,15,1,0,2,1,1,1,1,1,1,1,0,3,19.65,332.65,0
2617,1,0,1,1,71,1,2,1,2,2,2,2,2,2,2,1,0,114.0,8175.9,0
5317,0,1,0,0,15,1,2,1,0,2,0,0,2,0,0,0,1,89.0,1288.3,0
5272,0,0,0,0,1,1,0,2,1,1,1,1,1,1,0,0,3,20.9,20.9,1
1289,1,0,1,1,7,1,0,0,0,0,0,0,0,0,0,0,2,44.75,333.65,0
3664,1,0,1,1,67,1,2,1,0,2,2,0,2,2,1,1,2,105.4,6989.45,0
3721,0,0,1,0,29,1,2,1,0,0,0,0,0,0,0,1,2,74.95,2149.05,0
5765,1,0,1,0,72,1,2,1,0,2,2,0,2,2,2,1,0,106.3,7565.35,0
4658,0,1,1,0,25,1,2,0,2,0,0,2,2,0,0,1,1,69.5,1752.65,0
4660,1,0,0,0,32,1,0,1,2,2,2,0,0,2,0,1,1,93.4,2979.3,0
3734,0,0,1,1,40,1,2,2,1,1,1,1,1,1,2,1,3,24.8,1024.7,0
2778,1,0,0,0,20,1,0,1,0,0,0,0,2,0,0,0,2,78.8,1641.3,0
5083,1,0,1,1,60,1,0,0,2,2,2,0,0,0,2,0,0,60.5,3694.45,0
1795,0,0,1,0,3,1,0,2,1,1,1,1,1,1,0,0,3,20.85,72.0,0
3074,0,0,0,0,4,1,0,2,1,1,1,1,1,1,0,0,3,20.15,84.5,0
6439,1,0,1,0,62,1,2,1,2,2,0,0,0,2,1,0,2,96.1,6001.45,0
4315,0,0,0,0,1,1,0,1,0,0,0,0,0,2,0,0,1,80.15,80.15,1
5954,1,1,1,1,68,1,0,2,1,1,1,1,1,1,1,0,0,19.5,1193.55,0
939,1,0,1,1,11,1,0,0,0,0,2,0,2,0,0,1,0,59.65,683.25,0
340,0,1,0,0,5,1,0,1,0,0,2,0,0,0,0,1,1,75.55,349.65,1
1234,1,0,1,1,62,1,2,1,0,0,2,0,2,0,2,1,1,89.1,5411.65,0
3576,1,0,0,0,2,1,0,2,1,1,1,1,1,1,0,0,3,20.25,36.8,0
3743,0,0,1,1,41,1,2,1,2,2,0,0,2,0,0,1,0,94.3,3893.6,0
2472,0,1,1,0,47,1,2,0,2,2,2,0,0,0,0,1,1,67.45,3252.0,0
2479,0,0,1,0,47,1,2,2,1,1,1,1,1,1,1,0,2,26.9,1250.85,0
5057,1,0,0,0,26,1,0,0,0,0,0,0,0,0,0,0,2,45.45,1233.15,0
3317,1,0,1,0,72,1,2,0,2,0,2,2,2,2,2,0,1,86.65,6094.25,0
5282,1,0,0,1,39,1,2,2,1,1,1,1,1,1,1,0,0,25.45,958.45,0
3157,0,1,1,0,25,1,0,1,0,2,2,0,0,2,0,0,0,88.4,2191.15,0
5460,1,0,1,1,14,1,0,0,2,2,0,0,2,0,0,1,2,65.45,937.6,1
3987,0,0,1,1,35,1,2,2,1,1,1,1,1,1,2,1,1,25.4,949.8,0
3937,0,0,0,0,42,1,0,2,1,1,1,1,1,1,2,1,0,20.75,844.45,0
6571,1,0,1,0,23,1,0,2,1,1,1,1,1,1,1,0,1,19.3,486.2,0
6743,1,0,1,1,30,1,2,1,2,2,0,0,2,0,0,1,2,94.4,2838.7,1
1022,1,0,0,0,7,1,0,1,0,0,2,0,0,0,0,1,2,74.9,490.55,0
6749,0,0,0,0,16,1,2,0,0,0,2,0,0,2,0,1,1,65.2,1043.35,1
1150,1,0,1,1,39,0,1,0,0,0,0,0,0,0,1,1,1,25.25,947.75,0
3673,1,1,1,1,22,0,1,0,2,0,0,0,0,2,0,0,3,40.05,880.2,1
2458,1,0,0,0,34,1,2,2,1,1,1,1,1,1,2,0,0,26.1,980.35,0
2843,1,0,1,1,58,1,2,1,0,0,0,0,2,0,2,0,0,82.5,4828.05,0
7002,0,0,0,0,15,1,0,0,2,2,2,2,2,2,0,0,3,84.45,1287.85,0
5863,1,0,0,0,7,1,0,0,0,0,0,0,0,0,0,1,0,44.65,322.5,0
2658,0,0,1,1,58,1,0,2,1,1,1,1,1,1,2,0,1,19.55,1079.65,0
1685,0,0,0,0,31,1,2,1,2,0,2,0,0,0,0,1,1,84.75,2613.4,0
4048,1,0,0,0,13,1,0,0,0,0,0,2,0,0,0,1,3,50.55,610.75,0
2446,1,0,0,0,35,1,2,2,1,1,1,1,1,1,1,0,0,26.2,954.9,0
3638,1,0,1,1,28,1,0,1,0,2,2,2,2,0,1,0,0,92.9,2768.35,0
5044,1,0,1,1,10,1,0,2,1,1,1,1,1,1,0,1,1,20.05,218.5,0
1508,1,0,1,1,27,0,1,0,0,2,2,0,0,2,1,1,1,45.85,1246.4,0
2044,1,0,0,1,1,1,0,0,2,0,0,0,0,0,0,0,3,50.6,50.6,1
4578,0,0,1,1,35,1,0,0,2,0,0,2,0,0,1,1,0,54.95,1916.0,0
597,0,0,0,0,9,1,0,1,0,0,0,0,0,2,0,1,2,79.55,723.4,1
2189,0,0,0,0,4,1,2,0,0,0,0,2,2,0,0,1,3,64.4,253.0,0
32,1,0,1,0,66,1,2,1,2,2,2,2,2,2,1,0,0,115.8,7942.15,0
5611,1,1,0,0,56,1,2,1,0,0,2,0,2,2,0,1,2,101.05,5594.0,0
4719,1,0,1,1,16,1,0,2,1,1,1,1,1,1,0,0,2,20.15,341.35,0
4956,0,0,0,0,8,1,2,1,0,0,0,0,2,0,0,1,2,87.05,762.1,1
3509,0,0,0,0,30,1,0,0,2,2,2,2,2,0,1,0,1,74.65,2308.6,0
3795,1,0,1,1,34,0,1,0,0,0,2,2,2,0,0,1,2,44.85,1442.6,0
3616,1,1,0,0,25,1,2,1,0,2,2,0,2,2,0,0,3,105.95,2655.25,1
6943,0,0,0,0,9,1,0,1,0,0,0,0,2,2,0,1,0,90.8,809.75,1
3970,0,0,1,1,8,1,0,0,2,2,0,0,0,0,0,0,3,54.65,482.25,0
2607,1,0,0,0,1,1,0,2,1,1,1,1,1,1,0,0,0,19.75,19.75,0
3842,1,0,0,0,37,1,2,1,0,0,0,2,2,2,0,0,0,98.8,3475.55,1
5596,1,0,0,0,4,1,0,0,0,0,0,0,0,0,0,0,3,44.55,220.75,0
1959,1,0,1,0,52,1,0,1,2,0,0,0,2,0,0,0,2,84.1,4348.65,1
3133,0,0,0,1,18,1,2,0,2,0,0,0,0,0,0,0,3,57.65,992.7,0
1236,0,1,0,0,1,1,2,1,0,0,0,0,0,0,0,1,2,74.2,74.2,1
772,1,0,1,0,69,1,0,0,2,2,0,0,0,0,1,1,1,53.65,3804.4,0
3,1,1,1,0,13,1,0,1,0,2,2,0,2,2,0,1,2,98.0,1237.85,1
2282,1,0,1,1,71,1,2,1,0,2,2,0,2,2,2,1,0,106.0,7723.7,1
4949,1,0,1,0,58,0,1,0,0,0,0,0,2,2,1,1,1,45.0,2689.35,0
3480,1,0,0,0,18,1,2,0,2,0,0,0,0,0,0,0,3,56.25,969.85,0
790,1,0,0,0,33,0,1,0,0,2,0,0,2,0,1,1,2,39.1,1309.0,0
4322,0,0,1,1,66,1,2,1,0,2,2,0,2,2,1,1,1,102.45,6615.15,1
2020,1,0,0,1,18,1,2,1,0,0,2,0,0,0,0,1,1,80.55,1406.65,0
5991,0,0,1,1,37,1,2,2,1,1,1,1,1,1,2,1,0,24.1,861.85,0
2128,1,0,1,1,41,1,2,1,0,0,2,2,2,2,1,1,2,102.6,4213.35,1
2325,1,0,1,1,71,1,0,1,2,2,2,0,2,2,1,1,0,104.65,7288.4,0
461,1,0,0,0,63,1,2,0,2,0,2,2,0,2,2,1,0,71.9,4479.2,0
2275,0,0,1,1,52,1,0,1,2,0,2,0,2,2,1,0,2,100.3,5244.45,0
2744,1,0,1,1,63,1,2,0,2,0,2,2,0,2,2,0,3,75.7,4676.7,0
4582,1,0,0,0,8,0,1,0,0,0,0,0,0,0,0,1,1,25.25,186.3,0
1547,1,0,1,0,14,1,2,0,0,0,0,2,2,0,0,1,1,66.6,979.5,0
3382,1,1,0,0,2,1,0,0,0,0,0,0,0,0,0,1,2,44.7,93.7,1
2577,1,0,1,1,10,1,2,2,1,1,1,1,1,1,0,1,3,24.4,253.9,0
925,1,0,0,1,6,1,0,2,1,1,1,1,1,1,0,0,3,19.55,128.6,0
2764,1,0,1,0,23,1,2,1,2,2,2,0,2,0,0,1,2,99.25,2186.4,1
4433,1,0,0,0,54,1,0,1,2,0,2,2,0,0,1,0,2,84.4,4484.05,0
1202,0,1,0,0,45,1,2,0,2,0,0,2,0,2,0,1,2,70.05,3062.45,0
1737,1,1,1,0,17,1,0,1,0,2,0,0,0,0,0,1,2,76.45,1233.4,1
4171,0,1,1,0,67,1,2,1,2,2,0,0,2,2,1,1,2,105.6,7112.15,0
6590,1,0,0,0,4,1,0,2,1,1,1,1,1,1,0,0,3,20.7,73.05,0
4603,0,1,1,0,31,1,2,1,0,0,2,0,2,0,1,1,2,90.7,2835.5,0
3922,0,0,1,0,21,1,2,1,2,0,2,0,2,2,0,1,2,103.9,2254.2,1
4504,1,1,0,0,4,1,0,1,0,0,2,0,2,2,0,1,2,94.75,422.4,0
1484,0,0,1,0,72,1,2,1,2,2,0,0,0,2,2,1,1,94.45,6921.7,0
1687,0,1,0,0,40,0,1,0,2,2,0,0,2,2,0,1,2,55.8,2109.35,1
1888,1,0,0,1,5,1,0,2,1,1,1,1,1,1,0,0,1,20.35,122.0,0
988,0,0,1,1,22,1,0,2,1,1,1,1,1,1,0,0,0,19.05,454.05,0
4086,0,0,1,1,7,1,0,2,1,1,1,1,1,1,0,0,3,20.45,150.75,0
6213,1,0,0,0,44,1,2,1,0,0,2,0,0,2,0,1,3,90.4,4063.0,0
5692,1,0,1,0,42,1,2,1,0,2,2,2,0,2,0,1,2,99.45,4138.05,1
7032,1,0,1,1,46,1,0,2,1,1,1,1,1,1,2,0,1,19.75,856.5,0
3073,1,0,0,0,4,1,0,2,1,1,1,1,1,1,0,1,2,19.85,63.0,0
78,0,0,0,1,26,0,1,0,2,0,0,2,0,2,0,0,3,45.8,1147.0,0
5657,1,0,1,0,66,1,2,0,2,2,2,2,2,2,2,0,0,91.7,6075.9,0
4435,0,0,1,1,71,1,2,0,2,2,2,2,0,0,2,0,3,71.1,5224.95,0
792,0,0,0,0,1,1,0,2,1,1,1,1,1,1,0,0,2,19.75,19.75,0
5987,1,0,0,0,4,1,2,1,0,0,0,0,0,0,0,1,2,76.05,318.9,1
5122,1,1,1,0,11,1,0,1,0,0,0,0,0,0,0,1,2,70.2,834.7,0
5043,1,0,1,0,25,0,1,0,0,0,2,0,2,0,1,1,1,38.1,970.4,0
2770,0,0,0,1,12,1,0,0,0,0,0,0,0,0,0,1,2,44.55,480.6,1
1901,1,1,1,0,8,0,1,0,0,2,2,0,0,2,0,1,3,43.35,371.4,0
2402,1,0,0,0,1,0,1,0,0,0,0,0,0,0,0,0,3,24.4,24.4,0
1504,0,0,1,1,26,1,0,1,2,2,0,0,0,0,0,0,2,81.95,2070.05,0
6676,1,0,1,0,66,1,2,1,0,2,2,0,0,2,1,0,2,95.3,6273.4,0
6990,1,0,0,1,33,1,2,1,2,0,2,0,0,2,0,1,0,95.3,3275.15,0
3151,1,0,1,0,42,1,2,0,2,0,0,2,2,2,1,0,1,80.45,3375.9,0
4402,0,0,0,0,3,1,0,1,0,0,2,2,0,0,0,0,1,80.1,217.55,1
556,1,0,1,1,17,1,2,0,0,2,2,2,0,0,0,1,3,66.7,1077.05,0
3588,0,0,1,0,18,0,1,0,0,0,2,0,2,0,0,1,2,39.05,669.85,1
6242,0,0,0,0,48,1,2,0,2,2,2,0,2,2,1,1,1,83.45,3887.85,0
1560,0,0,0,0,7,1,0,0,2,2,0,2,2,2,0,1,2,78.5,571.05,0
1229,0,0,1,1,72,1,2,2,1,1,1,1,1,1,2,1,0,24.05,1709.15,0
6830,0,0,1,0,51,1,0,1,0,0,0,0,0,0,0,0,3,69.15,3649.6,0
5079,1,1,0,0,70,0,1,0,0,0,0,0,2,2,1,1,2,45.25,3264.45,1
6511,0,0,0,0,2,1,0,1,0,0,0,0,0,0,0,1,2,70.7,151.65,1
774,0,0,0,0,24,1,2,2,1,1,1,1,1,1,1,0,0,24.6,605.25,0
452,1,0,1,0,72,1,2,1,0,2,0,0,2,2,2,1,2,99.4,7285.7,0
5528,0,0,0,0,12,1,2,1,2,2,2,0,0,2,0,1,0,99.7,1238.45,1
2856,0,0,1,1,31,1,2,1,0,0,2,2,2,2,0,1,2,104.2,3243.45,1
4047,0,1,1,0,11,1,0,1,0,0,0,2,2,0,0,1,2,82.9,880.05,0
2734,1,0,0,0,37,0,1,0,2,2,0,2,0,0,2,1,3,40.55,1390.85,0
1843,1,0,0,0,1,1,0,2,1,1,1,1,1,1,0,0,3,20.3,20.3,0
1836,0,1,0,0,56,1,2,1,2,2,2,0,2,2,1,0,2,110.5,6139.5,0
1143,0,0,1,1,23,1,2,0,0,2,0,2,2,0,0,1,1,69.5,1652.1,0
4020,0,0,1,1,72,1,2,1,2,2,2,2,2,0,2,0,1,106.1,7657.4,0
5881,1,0,0,0,4,1,0,1,0,0,2,2,0,2,0,1,2,90.4,356.65,0
6108,1,0,1,1,57,1,2,1,0,0,0,0,0,0,0,1,2,74.3,4018.35,0
1882,0,0,1,1,33,1,0,2,1,1,1,1,1,1,2,0,1,19.8,641.35,0
2129,1,0,0,0,13,0,1,0,0,0,0,0,0,0,0,1,0,25.15,331.85,0
3817,0,0,1,0,18,1,0,0,0,0,0,2,0,0,0,1,3,50.3,908.75,0
2107,0,0,1,1,33,1,2,1,0,0,0,0,0,2,0,0,1,86.15,2745.7,1
1437,0,0,1,0,72,1,2,1,2,2,2,2,2,2,2,1,1,115.55,8312.4,0
732,1,1,1,0,64,1,2,2,1,1,1,1,1,1,2,0,1,25.65,1740.8,0
5770,1,1,1,0,39,1,2,1,0,2,2,0,2,2,0,1,2,105.65,4284.8,1
2511,0,1,0,0,35,1,2,1,2,0,0,0,2,2,0,1,2,99.05,3554.6,0
3558,0,0,1,0,7,1,0,1,0,0,0,0,0,0,0,1,0,69.2,477.55,0
1899,1,0,0,0,35,1,0,1,2,0,0,2,0,2,1,1,2,89.2,3251.3,0
5291,1,1,1,1,71,1,2,0,0,2,2,2,0,2,1,1,0,72.9,5139.65,0
5276,0,0,0,0,48,1,2,0,0,2,2,2,2,0,1,1,0,73.85,3581.4,0
4733,0,1,0,0,56,1,2,1,0,2,2,2,2,2,1,1,2,111.95,6418.9,1
4884,0,0,1,0,32,1,0,2,1,1,1,1,1,1,0,0,0,19.4,641.15,0
2507,1,0,1,0,51,1,2,1,2,0,2,2,2,2,1,1,2,111.55,5720.35,0
1593,0,0,1,1,38,1,0,0,2,2,0,2,2,2,1,0,1,80.3,3058.65,1
2453,0,0,1,0,70,1,2,0,2,0,2,2,0,0,2,0,1,65.3,4759.75,1
664,0,0,0,0,1,1,0,2,1,1,1,1,1,1,0,0,3,19.65,19.65,0
185,1,0,0,0,32,1,0,2,1,1,1,1,1,1,2,1,0,20.05,614.45,0
2657,0,1,0,0,1,0,1,0,0,0,0,0,2,0,0,1,2,36.45,36.45,1
4856,0,1,1,0,58,1,2,1,0,0,0,2,2,2,0,1,0,100.4,5749.8,0
3636,0,0,0,0,20,1,0,2,1,1,1,1,1,1,2,0,3,19.7,406.95,0
4655,0,0,0,0,1,1,0,2,1,1,1,1,1,1,0,0,3,19.1,19.1,0
2101,0,0,1,1,7,1,0,2,1,1,1,1,1,1,0,0,3,20.65,158.95,0
5955,1,0,1,0,34,1,2,1,0,0,2,0,2,2,0,1,2,100.05,3480.0,1
53,1,0,0,0,40,1,2,1,0,2,2,0,2,2,0,1,1,104.5,4036.85,1
4523,0,0,1,0,1,1,0,1,0,0,0,0,2,0,0,0,2,78.8,78.8,1
1055,1,1,1,0,61,1,2,1,0,2,2,2,2,0,1,1,3,98.3,6066.55,0
230,0,1,0,0,56,1,2,1,0,2,2,2,2,0,2,1,0,99.9,5706.3,0
532,1,0,1,0,62,1,2,2,1,1,1,1,1,1,1,1,1,23.75,1446.8,0
402,0,0,1,0,20,1,0,1,0,0,0,0,0,0,0,1,0,69.8,1540.35,0
600,0,0,0,0,54,1,2,1,2,0,2,0,2,2,1,1,0,103.95,5639.05,1
3159,0,0,1,1,42,1,0,2,1,1,1,1,1,1,1,1,2,19.05,761.85,0
4000,0,1,0,0,2,1,2,1,0,2,0,0,0,2,0,0,2,89.5,161.5,1
3827,0,0,0,0,5,1,2,1,0,0,0,0,2,2,0,1,3,93.9,486.85,1
4307,0,0,0,0,52,1,0,0,2,0,0,0,0,0,0,1,0,49.75,2535.55,0
380,0,0,1,1,20,1,2,1,0,0,2,2,0,2,0,1,0,95.5,1916.2,0
5025,1,1,0,0,48,1,2,1,0,2,0,0,2,2,1,1,2,99.0,4744.35,0
6940,0,1,1,1,70,1,2,1,0,2,2,2,2,2,1,1,2,107.9,7475.85,0
150,0,1,0,0,67,1,0,1,2,2,0,2,2,0,2,1,0,92.45,6140.85,0
199,0,0,0,0,6,1,0,0,2,2,0,0,0,0,0,0,3,55.15,322.9,0
6227,0,0,0,0,41,0,1,0,0,2,0,0,0,2,0,1,2,40.35,1677.85,0
4061,0,0,1,1,8,1,0,2,1,1,1,1,1,1,2,1,3,19.85,146.6,0
5667,1,0,1,1,18,1,0,0,2,0,2,2,2,2,0,0,2,83.25,1611.15,0
1924,0,0,1,1,65,1,2,2,1,1,1,1,1,1,2,1,0,25.3,1748.55,0
572,0,0,0,0,7,1,2,1,0,0,0,0,0,0,0,1,2,75.35,564.65,0
2976,0,0,1,0,52,0,1,0,2,2,2,2,2,2,2,0,1,66.25,3330.1,0
574,0,0,0,0,46,1,0,0,0,0,0,0,0,0,0,0,0,44.95,2168.9,0
4495,0,0,1,0,62,1,0,1,2,0,2,2,2,2,1,1,2,104.3,6613.65,0
3149,0,0,1,0,18,1,2,1,0,0,0,2,2,0,0,1,2,88.85,1594.75,0
6197,1,0,1,0,71,1,0,0,0,2,2,2,2,2,2,1,1,79.1,5564.85,0
6115,0,0,1,1,71,1,2,1,2,0,2,2,0,2,2,0,2,100.45,7159.7,0
5171,1,1,0,0,3,0,1,0,0,0,2,0,0,2,0,1,2,41.15,132.2,1
374,0,0,1,1,18,1,0,0,0,0,2,2,0,0,1,1,1,54.4,957.1,0
5374,1,0,0,0,3,1,0,0,0,0,0,0,0,0,0,1,2,43.3,123.65,1
6258,1,0,1,0,63,1,0,2,1,1,1,1,1,1,2,0,3,19.25,1237.65,0
6876,0,0,0,1,70,1,2,0,2,2,0,2,0,0,2,0,2,66.0,4891.5,0
638,0,0,0,0,47,1,0,2,1,1,1,1,1,1,2,0,1,20.25,1029.8,0
2198,0,0,1,0,69,1,2,2,1,1,1,1,1,1,2,1,1,24.95,1718.35,0
6375,1,0,1,0,72,1,2,1,0,2,2,2,2,2,2,1,2,108.2,7840.6,0
2762,1,0,0,0,45,1,2,1,0,0,2,2,2,2,0,1,0,103.65,4747.85,0
6334,1,0,0,0,18,1,0,2,1,1,1,1,1,1,1,0,3,19.65,411.25,0
2379,0,0,1,1,71,1,2,1,2,2,2,0,2,2,2,1,0,109.0,7661.8,0
3912,0,0,0,0,70,1,2,1,0,2,2,2,0,0,1,1,0,90.25,6385.95,0
1925,1,0,0,0,42,1,2,1,0,0,0,2,2,2,0,1,2,100.3,4222.95,0
2730,0,0,1,0,72,1,2,1,0,2,2,2,2,2,1,1,2,109.25,8109.8,1
5712,1,0,1,0,62,0,1,0,2,2,0,2,0,0,2,1,1,38.6,2345.55,0
2934,1,0,1,0,57,1,2,1,2,2,2,2,2,0,0,1,2,103.05,5925.75,0
3396,1,0,0,0,25,1,2,1,0,0,0,0,0,2,0,1,2,84.8,2043.45,1
4232,1,0,1,1,46,1,0,2,1,1,1,1,1,1,2,0,1,19.95,862.4,0
6311,0,0,0,0,9,1,2,1,0,0,0,0,0,2,0,1,2,83.3,803.3,1
281,0,0,0,0,1,1,0,0,0,0,0,0,0,0,0,0,3,44.4,44.4,1
1260,0,0,1,0,71,0,1,0,2,2,2,2,2,2,1,0,0,66.8,4689.15,0
5725,1,1,0,0,1,1,0,1,0,0,0,0,0,0,0,1,2,69.65,69.65,1
3954,1,1,1,0,3,1,2,1,0,0,0,0,2,2,0,1,2,94.6,279.55,1
3775,0,0,0,1,15,1,0,2,1,1,1,1,1,1,1,0,3,19.65,270.6,0
6092,0,0,0,0,18,1,0,1,0,0,0,0,0,0,0,1,2,69.8,1221.65,0
1929,0,0,0,0,25,1,0,2,1,1,1,1,1,1,2,0,1,19.8,475.2,0
373,1,0,0,0,58,1,0,0,0,2,2,2,2,0,2,0,0,70.1,4048.95,0
5890,0,0,1,0,70,1,0,2,1,1,1,1,1,1,2,0,1,19.85,1328.35,0
3990,0,0,0,0,20,1,2,1,2,0,0,0,2,0,0,1,0,89.1,1879.25,0
2323,1,1,0,0,14,1,2,1,0,0,0,0,2,2,0,1,2,95.6,1273.3,0
1958,1,0,0,0,71,1,2,1,2,0,2,2,2,2,2,1,2,108.05,7532.15,1
3154,1,0,0,1,54,1,0,1,2,2,0,2,2,2,1,1,2,105.85,5826.65,0
5933,0,0,0,0,58,1,2,2,1,1,1,1,1,1,2,0,1,24.35,1423.85,0
2070,0,0,1,1,17,1,2,1,2,0,2,0,2,0,0,0,2,94.4,1607.2,1
292,1,0,0,0,15,1,2,0,0,0,0,0,0,0,0,1,2,49.0,749.25,0
1241,1,0,0,0,42,1,2,2,1,1,1,1,1,1,1,0,2,25.05,949.85,0
877,1,0,1,1,44,1,0,2,1,1,1,1,1,1,1,0,0,20.0,860.85,0
1572,1,0,1,0,49,1,0,1,0,0,2,2,2,2,1,1,1,99.25,4920.8,0
709,0,0,1,1,8,1,0,2,1,1,1,1,1,1,0,0,1,21.05,139.75,0
6756,1,0,1,0,69,1,2,1,0,2,0,2,2,0,2,1,3,92.45,6460.55,0
5433,1,0,1,1,0,1,0,2,1,1,1,1,1,1,2,0,3,19.85,2283.3004408418656,0
6871,1,0,1,1,13,1,0,0,2,0,0,0,0,0,0,1,3,49.95,587.45,0
1964,1,0,0,0,24,1,0,0,0,2,0,0,0,0,0,1,3,49.7,1218.25,0
322,0,0,1,1,72,1,2,2,1,1,1,1,1,1,2,0,1,24.25,1784.5,0
1482,0,0,0,1,15,1,0,1,0,2,0,0,0,2,0,1,0,85.9,1269.55,1
737,1,0,1,0,38,1,0,2,1,1,1,1,1,1,2,0,0,20.4,743.5,0
4428,1,0,1,1,62,1,2,1,2,2,0,0,2,0,1,1,1,94.95,5791.85,0
778,1,0,1,0,27,1,0,0,0,2,0,2,0,0,0,1,2,53.8,1389.85,0
164,0,0,1,1,16,1,0,1,2,0,2,0,2,2,0,0,0,100.7,1522.7,0
3631,1,0,0,0,1,1,0,2,1,1,1,1,1,1,0,0,2,19.95,19.95,1
1117,0,0,0,0,14,1,0,0,2,0,0,0,0,0,0,0,0,50.1,709.5,0
620,0,0,0,1,7,0,1,0,2,0,0,0,0,0,0,0,3,29.8,201.95,0
1594,1,1,1,0,23,1,0,1,2,2,0,0,0,2,0,1,2,90.0,2024.1,0
2461,0,0,1,0,32,1,0,1,2,0,0,0,0,0,0,1,0,75.5,2324.7,0
4379,1,0,1,0,47,1,2,1,0,2,2,0,0,0,0,1,0,83.35,4065.0,1
4159,0,0,1,1,5,0,1,0,0,2,0,2,0,0,0,0,2,34.25,163.55,0
4129,0,0,1,1,16,1,0,0,2,2,0,2,0,2,2,0,0,68.25,1114.85,0
3931,1,0,1,0,49,1,2,1,0,2,0,0,2,2,0,1,0,99.05,4853.75,1
2157,0,0,0,0,1,1,0,2,1,1,1,1,1,1,0,0,1,20.3,20.3,0
165,0,0,1,1,67,1,2,1,0,0,2,2,2,2,2,1,0,105.65,6717.9,0
6555,1,0,1,1,38,1,0,2,1,1,1,1,1,1,0,0,2,19.6,717.3,0
3923,0,0,1,1,12,1,2,1,0,2,2,0,0,0,0,1,2,84.5,916.9,1
966,1,0,0,0,11,1,0,0,0,0,2,0,2,2,0,1,2,69.35,712.25,0
1157,1,0,0,0,60,1,0,0,2,2,2,0,0,0,2,0,2,61.4,3638.25,0
2586,0,0,0,0,50,1,2,0,2,0,2,2,2,2,1,1,1,82.5,4179.1,0
4869,1,1,0,0,9,1,2,1,0,0,0,0,0,0,0,1,2,74.05,678.45,0
1730,1,0,1,1,25,1,2,0,0,0,0,2,0,0,1,1,3,55.1,1466.1,0
612,0,0,1,0,11,1,2,1,0,0,2,0,2,2,0,1,2,99.5,1056.95,1
5866,0,1,0,0,16,1,2,1,0,0,0,0,2,2,0,1,2,96.4,1581.2,1
6076,1,0,1,1,12,1,2,2,1,1,1,1,1,1,2,1,0,25.4,313.0,0
6266,0,0,0,0,64,1,2,1,2,2,2,2,2,2,2,1,0,115.1,7334.05,0
4477,1,0,1,1,20,1,0,1,0,0,0,0,2,2,0,1,2,90.2,1776.55,1
2029,0,0,0,0,8,1,0,2,1,1,1,1,1,1,1,1,0,20.2,140.95,0
694,1,0,1,0,11,1,2,1,0,0,0,0,0,0,0,1,2,74.95,825.7,1
6728,1,0,1,1,30,1,2,0,2,0,0,0,0,0,0,1,0,54.45,1588.7,0
1416,1,0,1,0,17,1,0,1,0,0,2,0,2,2,1,1,0,96.65,1588.25,0
645,0,0,1,1,47,1,2,0,2,2,0,2,2,2,2,1,1,85.3,4107.25,0
3142,1,0,0,0,1,1,0,1,0,0,0,0,0,0,0,1,2,69.8,69.8,1
762,1,0,1,1,40,1,0,2,1,1,1,1,1,1,2,0,3,19.6,808.95,0
759,0,0,1,0,15,1,2,0,0,0,0,0,0,0,0,1,2,51.1,711.15,0
4284,0,0,0,0,5,1,0,1,0,0,0,2,0,0,0,1,3,75.65,399.45,0
1991,0,0,1,1,35,0,1,0,0,0,0,2,2,0,1,0,3,40.9,1383.6,0
1940,1,1,0,0,5,1,0,1,0,0,0,0,0,0,0,1,3,70.25,331.9,1
3401,0,0,0,0,40,1,0,1,0,2,0,0,0,0,0,0,1,74.8,2971.7,0
6070,0,0,0,0,1,1,0,2,1,1,1,1,1,1,0,0,3,19.55,19.55,0
1185,0,0,1,0,34,1,2,2,1,1,1,1,1,1,0,0,2,24.7,780.2,0
4527,1,0,0,0,5,1,0,2,1,1,1,1,1,1,0,0,3,19.95,107.05,0
6784,0,0,1,1,1,1,0,2,1,1,1,1,1,1,0,1,3,19.4,19.4,0
4991,0,0,1,1,61,1,2,1,2,2,2,2,2,2,2,0,1,115.1,7008.15,0
1859,0,0,1,1,55,1,2,1,2,0,0,0,2,2,1,0,3,100.9,5448.6,0
2367,0,0,1,1,67,1,2,1,0,2,0,2,2,0,2,0,1,94.1,6302.8,0
779,0,0,1,1,64,1,2,1,0,2,2,2,2,2,1,1,2,111.45,7266.95,0
2803,1,0,0,0,9,1,0,1,2,0,0,0,0,0,0,0,2,75.6,661.55,0
5911,1,0,0,1,26,0,1,0,0,2,0,0,2,0,1,1,0,39.95,1023.75,0
4784,1,0,0,0,1,1,0,2,1,1,1,1,1,1,0,0,0,20.95,20.95,0
3345,1,0,1,1,30,1,0,1,0,2,2,0,0,0,0,0,0,82.05,2570.2,0
3934,0,1,1,0,28,1,2,2,1,1,1,1,1,1,0,0,3,25.7,734.6,0
1384,0,0,0,0,1,0,1,0,0,0,2,2,0,0,0,0,3,35.9,35.9,0
6554,1,1,1,0,69,0,1,0,0,0,2,0,0,0,1,1,1,29.8,2134.3,0
2028,1,0,1,1,72,1,2,0,2,2,2,2,2,2,2,0,1,88.7,6501.35,0
1020,1,0,0,1,36,1,0,1,0,2,0,0,2,2,0,1,2,94.7,3512.5,0
3002,1,0,1,0,15,1,2,1,0,0,2,2,2,2,0,1,2,103.45,1539.8,0
6020,0,0,1,1,54,1,2,0,0,2,2,0,0,0,2,1,0,59.8,3246.45,0
2410,1,1,0,0,47,1,2,1,0,0,0,0,2,0,0,1,1,86.05,3865.6,0
4873,0,0,0,0,30,1,0,0,2,2,0,0,0,0,0,1,0,55.3,1530.6,0
3310,1,1,1,0,20,1,2,1,0,2,0,2,2,2,0,0,2,107.05,2172.05,0
2348,0,0,0,0,5,1,0,2,1,1,1,1,1,1,0,0,3,19.95,109.6,0
2579,1,0,0,0,58,1,2,1,0,0,2,2,2,2,1,1,2,104.65,6219.6,1
5119,1,0,0,0,72,1,2,1,0,2,2,0,2,2,1,1,2,104.95,7544.3,0
3725,0,0,0,0,57,1,2,1,2,2,0,2,0,0,0,1,0,87.55,4884.85,0
4347,1,0,0,0,35,1,2,0,2,0,2,0,0,0,0,1,2,59.6,2094.9,0
5453,1,0,1,0,57,1,0,0,2,0,0,2,0,0,0,0,2,55.7,3171.6,0
5851,0,0,1,0,58,0,1,0,2,2,0,0,2,0,1,1,2,45.35,2540.1,0
2246,1,0,1,1,47,1,2,0,0,2,0,0,0,0,0,0,2,54.25,2538.2,0
4924,0,1,1,0,53,1,2,2,1,1,1,1,1,1,2,0,1,25.1,1275.6,0
1614,0,0,1,1,43,1,0,0,2,0,2,0,2,2,2,0,0,75.2,3254.35,0
1334,0,0,0,0,29,1,2,2,1,1,1,1,1,1,0,0,2,25.15,702.0,0
3852,0,1,0,0,4,1,0,1,0,2,2,0,2,2,0,1,1,99.8,442.85,1
2693,1,0,0,0,12,1,2,2,1,1,1,1,1,1,1,0,1,24.95,280.4,0
2322,1,1,1,0,6,1,0,1,0,0,2,0,2,2,0,1,2,95.75,573.75,1
4521,0,0,1,0,61,1,2,2,1,1,1,1,1,1,2,0,0,25.3,1554.9,0
5901,0,0,1,0,72,1,2,1,0,2,2,2,2,2,2,1,0,110.45,7982.5,0
1862,1,0,0,0,34,1,2,1,0,2,0,2,2,2,0,1,2,105.35,3540.65,0
1144,0,0,0,0,40,1,2,1,0,2,2,0,2,0,0,1,0,93.4,3756.4,0
6493,1,0,0,0,37,1,2,0,2,2,2,2,0,0,1,0,2,67.45,2443.3,0
3731,1,0,1,1,71,1,2,0,2,2,2,2,2,2,2,0,2,90.35,6325.25,0
2343,1,0,0,0,40,1,2,1,0,2,2,0,2,2,0,1,3,102.65,4108.15,0
5148,0,0,0,0,24,1,0,2,1,1,1,1,1,1,1,0,1,20.45,527.35,0
2513,1,0,0,0,1,1,0,2,1,1,1,1,1,1,0,0,3,20.35,20.35,0
6754,0,0,1,0,2,1,0,0,0,0,0,0,0,0,0,1,2,45.0,89.75,0
690,0,0,0,0,41,1,2,2,1,1,1,1,1,1,1,1,3,24.85,962.25,0
1503,1,0,1,1,43,1,2,2,1,1,1,1,1,1,2,0,3,24.25,1077.95,0
2591,0,0,1,1,72,0,1,0,0,2,0,2,2,2,2,0,1,53.65,3784.0,0
553,1,0,0,0,2,1,0,2,1,1,1,1,1,1,0,0,3,20.75,44.2,0
2346,0,0,1,1,58,1,0,2,1,1,1,1,1,1,2,1,3,19.85,1158.85,0
1886,0,0,0,0,2,1,0,1,0,0,0,0,0,2,0,0,2,80.55,184.1,1
783,1,0,0,0,57,0,1,0,0,0,2,2,2,2,2,0,1,53.35,3090.05,0
5727,1,0,0,0,16,1,0,1,2,0,0,0,2,2,0,1,2,94.25,1483.25,1
5045,1,0,0,0,1,1,0,2,1,1,1,1,1,1,0,0,3,20.05,20.05,0
546,0,0,0,1,3,1,0,0,2,0,0,2,0,0,0,1,3,55.1,154.65,1
4801,1,0,0,0,19,1,0,2,1,1,1,1,1,1,1,1,1,19.7,386.5,0
2217,0,0,1,1,71,1,0,2,1,1,1,1,1,1,2,0,1,19.7,1415.85,0
839,0,0,0,0,62,1,0,0,2,0,0,2,0,2,2,1,3,65.1,3846.75,0
3758,1,0,0,1,4,1,0,0,2,0,0,0,0,0,0,1,2,49.4,184.4,1
4055,0,0,0,0,43,1,0,1,0,2,2,0,2,0,0,1,2,91.65,3954.1,0
2488,0,1,1,0,29,1,2,1,0,0,2,0,2,2,0,1,0,99.05,2952.85,1
714,0,0,0,0,2,1,0,2,1,1,1,1,1,1,0,0,3,19.5,27.55,0
5489,0,0,0,0,9,1,0,2,1,1,1,1,1,1,0,0,0,19.5,150.35,0
834,1,0,0,0,45,1,2,1,2,0,2,2,2,2,0,1,1,108.45,4964.7,0
5731,0,0,0,0,10,1,2,1,0,0,0,0,0,0,0,1,2,74.75,799.65,1
3545,0,0,0,0,20,1,0,2,1,1,1,1,1,1,0,1,1,18.9,347.65,0
662,1,0,1,1,37,1,0,2,1,1,1,1,1,1,1,0,1,19.8,677.05,0
3786,1,0,1,0,71,1,0,2,1,1,1,1,1,1,1,0,2,20.85,1539.75,0
5675,0,0,1,0,63,1,2,1,0,0,0,2,0,0,1,1,1,81.2,4965.1,0
2968,1,0,0,0,1,1,0,0,0,0,0,0,0,0,0,1,3,45.85,45.85,1
6921,0,0,0,0,1,1,0,0,0,0,0,0,0,2,0,1,2,55.45,55.45,0
6370,0,0,1,0,43,1,0,0,2,0,2,2,2,2,2,1,2,78.8,3460.3,0
1237,0,0,1,1,52,1,0,0,0,0,2,0,0,0,1,1,0,50.95,2610.65,0
965,0,0,1,1,57,1,0,2,1,1,1,1,1,1,2,0,0,19.75,1272.05,0
3461,1,0,1,1,54,1,2,0,0,2,0,2,2,0,1,1,2,70.7,3770.0,0
2653,1,0,1,0,67,1,2,2,1,1,1,1,1,1,2,0,1,24.85,1583.5,0
554,1,0,0,0,1,1,0,0,0,0,2,2,2,2,0,1,2,75.5,75.5,0
3068,1,0,0,0,23,1,2,1,0,0,2,2,2,2,0,1,3,104.05,2470.1,1
3625,0,0,1,1,33,1,2,1,2,0,2,0,2,2,1,1,3,103.7,3467.0,1
3598,0,0,0,1,1,1,0,0,0,0,0,0,0,0,0,0,3,45.95,45.95,1
4328,0,0,1,1,44,1,0,0,2,0,0,2,0,0,0,0,0,56.25,2419.55,0
2439,1,0,0,0,1,1,0,1,0,0,0,0,0,0,0,1,2,70.05,70.05,1
1311,0,0,1,0,45,1,2,1,2,2,2,2,2,2,1,0,3,113.3,5032.25,0
491,0,1,0,0,4,1,2,1,0,0,0,0,0,0,0,1,2,74.9,321.75,1
6230,1,0,1,1,72,1,2,1,0,2,2,0,2,2,2,1,2,103.4,7372.65,1
5191,0,0,0,0,1,1,0,2,1,1,1,1,1,1,0,0,3,19.15,19.15,0
5665,1,0,1,1,49,0,1,0,2,0,0,0,0,2,0,1,2,39.2,1838.15,0
5284,0,0,0,0,15,1,2,0,2,0,0,0,0,2,0,1,0,64.65,994.55,1
5297,1,0,1,1,69,1,2,2,1,1,1,1,1,1,2,1,0,26.0,1796.55,0
1349,0,0,1,1,8,1,0,2,1,1,1,1,1,1,2,0,3,19.05,201.7,0
4836,1,0,1,0,56,1,2,1,0,2,0,2,2,2,1,1,2,107.25,6033.3,0
4142,0,0,1,0,49,1,2,1,2,2,2,2,0,2,2,0,1,106.65,5174.35,0
79,1,0,1,0,72,1,0,1,0,0,2,0,2,2,0,1,2,94.65,6747.35,0
1108,0,0,1,0,36,1,2,1,2,2,2,2,0,2,2,1,1,106.05,3834.4,0
958,1,0,0,0,11,1,0,1,0,0,2,0,0,0,0,0,2,72.9,818.45,0
3854,1,0,0,0,1,1,2,1,0,0,2,0,2,2,0,1,2,101.45,101.45,1
6954,0,1,1,0,72,1,2,1,2,0,2,2,2,2,2,1,3,109.75,8075.35,0
2183,0,0,1,1,19,1,2,2,1,1,1,1,1,1,2,0,3,25.6,485.9,0
3916,1,0,0,1,41,1,0,1,2,2,2,2,2,2,2,1,2,111.15,4507.15,0
4030,0,0,1,1,72,1,2,1,2,2,0,2,0,0,2,1,0,90.35,6563.4,0
221,0,0,0,0,41,1,2,1,0,2,2,0,2,2,0,1,2,106.3,4443.45,1
86,0,0,0,0,1,1,2,1,0,2,0,0,0,0,0,1,3,80.2,80.2,1
1137,0,0,1,1,14,1,0,1,0,2,0,2,0,2,0,1,1,89.65,1208.35,1
1871,0,1,1,1,4,1,0,0,0,0,0,0,0,0,0,0,2,46.0,181.6,1
6104,1,0,1,0,42,0,1,0,2,0,0,0,2,0,0,1,0,40.15,1626.05,0
3601,1,0,0,1,72,0,1,0,2,2,2,2,2,2,2,0,1,67.2,4671.7,0
4429,0,0,0,0,23,0,1,0,0,0,0,0,2,2,0,1,2,44.95,996.85,0
1348,0,0,0,0,1,1,0,1,0,0,0,0,0,2,0,1,2,81.95,81.95,1
3148,1,0,0,0,56,1,2,2,1,1,1,1,1,1,2,1,0,25.95,1444.05,0
4470,0,0,0,0,29,1,2,0,0,2,0,0,0,0,1,1,2,55.25,1620.2,0
2118,1,0,0,0,3,1,0,0,0,0,0,2,0,2,0,0,3,60.65,196.9,0
2895,0,0,0,0,12,1,2,0,0,0,0,2,2,2,1,1,3,75.85,854.45,0
708,1,0,1,0,56,1,2,2,1,1,1,1,1,1,2,1,1,25.15,1327.15,1
2885,0,0,1,1,56,1,2,0,2,2,0,0,0,2,1,0,0,68.75,3815.4,0
2135,0,0,1,0,68,1,0,0,2,0,0,2,0,0,1,0,0,55.9,3848.8,0
2495,1,0,1,1,66,1,0,0,2,2,2,2,2,0,1,1,2,75.1,5013.0,0
5330,1,0,1,1,17,1,2,2,1,1,1,1,1,1,2,1,3,25.15,412.6,0
3432,1,1,1,1,66,1,2,1,2,2,2,2,2,2,1,1,2,116.25,7862.25,0
4953,0,0,1,0,55,1,0,2,1,1,1,1,1,1,1,0,2,19.7,1140.05,0
916,0,0,1,0,68,1,2,1,0,2,2,0,0,0,1,0,1,86.45,5762.95,0
2820,1,0,0,0,27,1,0,0,2,0,0,0,0,0,0,0,3,50.35,1411.35,0
2068,0,0,0,0,66,1,2,0,2,2,2,2,2,2,2,1,1,90.05,5965.95,0
2733,1,0,0,0,16,1,0,0,0,0,0,2,0,0,0,1,3,49.45,799.0,0
6200,1,0,1,0,72,1,2,2,1,1,1,1,1,1,2,0,3,25.4,1797.1,0
1519,0,0,0,0,24,1,0,0,0,0,2,0,0,0,0,1,1,49.3,1233.25,0
656,1,0,1,1,65,1,2,1,0,0,2,2,2,2,2,1,0,104.1,6700.05,0
3691,1,0,0,1,33,0,1,0,2,0,0,2,0,0,1,0,1,34.05,1113.95,0
6316,0,0,0,0,2,1,0,1,0,0,0,0,2,0,0,1,3,79.65,152.7,1
6424,1,0,1,0,14,1,0,0,0,0,0,2,0,0,0,0,0,48.8,664.4,0
4625,0,0,0,0,2,1,0,0,0,0,0,0,0,0,0,1,2,45.4,80.95,0
3797,1,0,0,0,4,1,2,1,2,0,0,0,2,0,0,0,2,90.65,367.95,0
4330,1,0,0,0,3,1,0,1,0,0,0,0,2,0,0,0,2,79.25,267.6,1
2935,0,0,1,0,57,1,0,0,2,2,0,2,2,0,2,1,1,70.35,4124.65,0
3570,0,0,1,1,9,1,0,2,1,1,1,1,1,1,2,0,3,20.35,191.1,0
4575,1,0,0,0,1,1,0,1,0,0,0,0,0,0,0,1,2,69.35,69.35,1
3958,0,1,1,0,28,1,2,1,0,0,0,2,2,2,0,1,1,101.3,2812.2,1
1973,1,1,0,0,43,1,0,1,0,0,0,0,2,2,0,1,3,89.55,3856.75,1
3905,0,0,1,1,71,1,0,0,2,0,2,2,2,2,2,1,1,82.0,5999.85,0
33,0,0,0,0,67,1,0,2,1,1,1,1,1,1,1,0,2,20.55,1343.4,0
2999,0,0,0,1,7,1,0,2,1,1,1,1,1,1,1,0,3,20.05,96.8,0
6951,0,0,0,0,72,1,2,1,0,2,2,2,2,2,2,1,1,108.05,7806.6,0
6594,0,0,1,1,52,1,0,2,1,1,1,1,1,1,2,0,3,19.85,1070.5,0
5469,0,0,0,0,68,1,0,2,1,1,1,1,1,1,2,0,1,20.5,1424.9,0
4162,1,0,0,0,1,1,0,1,0,0,0,0,0,0,0,0,3,69.4,69.4,1
6847,0,0,0,0,1,1,0,1,0,0,0,0,0,0,0,1,2,69.2,69.2,1
386,0,0,0,0,9,1,0,1,0,2,2,0,0,0,0,0,2,80.55,653.9,0
5105,0,0,0,0,25,1,0,0,2,0,0,2,2,2,0,1,1,76.15,1992.95,0
2306,1,0,1,1,68,1,2,1,2,2,0,0,0,0,1,1,0,85.5,5696.6,0
2385,1,0,0,0,41,1,2,0,0,0,2,0,0,0,0,1,0,55.7,2237.55,0
978,0,1,0,0,1,1,0,1,0,0,0,0,2,2,0,1,2,89.3,89.3,1
6649,0,0,1,0,53,1,0,2,1,1,1,1,1,1,1,0,1,19.05,990.45,0
2469,1,0,1,0,68,1,0,0,2,2,2,0,0,2,2,0,0,70.95,4741.45,0
5565,0,0,0,0,1,1,0,2,1,1,1,1,1,1,0,1,3,20.2,20.2,1
2905,0,0,0,0,50,1,0,1,0,0,2,2,0,2,2,1,0,89.7,4304.5,0
6065,0,1,1,0,22,1,2,2,1,1,1,1,1,1,1,0,0,25.6,548.8,0
1152,0,0,1,1,61,1,0,2,1,1,1,1,1,1,1,0,1,19.1,1143.8,0
1331,0,0,0,0,2,1,0,1,0,0,0,0,2,0,0,1,2,79.75,164.5,1
3732,0,1,1,1,72,1,2,0,2,2,2,2,2,2,2,1,0,90.15,6716.45,0
2074,0,0,0,0,3,1,0,1,0,2,0,0,2,2,0,0,2,95.4,293.15,0
3818,1,0,0,0,37,1,2,1,0,2,0,2,2,2,1,1,1,104.5,3778.0,0
4153,0,0,0,0,60,0,1,0,2,0,2,0,0,2,1,1,2,44.45,2773.9,0
1989,0,0,0,0,13,1,2,1,0,0,0,0,0,2,0,1,2,85.95,1215.65,0
6588,1,0,0,1,71,1,2,2,1,1,1,1,1,1,2,0,3,24.35,1654.6,0
6674,0,1,0,0,42,1,2,1,0,0,0,0,2,0,0,1,2,84.65,3541.35,1
5729,1,1,0,0,65,1,0,1,0,2,2,0,2,2,0,1,0,99.1,6496.15,0
2299,0,0,1,0,45,1,2,2,1,1,1,1,1,1,2,0,3,25.5,1121.05,0
6075,0,0,1,1,2,1,0,2,1,1,1,1,1,1,1,0,3,20.3,31.9,0
236,1,0,1,1,71,1,2,0,2,2,2,2,2,2,2,0,0,86.85,6263.8,0
5687,0,0,1,1,72,1,2,1,2,2,2,2,2,2,2,1,2,115.5,8425.15,0
1786,0,0,0,0,4,1,0,1,0,0,0,0,0,0,0,1,1,70.05,266.9,1
6646,1,0,1,0,1,1,0,0,0,0,0,0,0,0,0,0,1,44.7,44.7,1
6323,1,0,0,0,1,1,0,0,0,0,0,0,0,0,0,1,3,44.95,44.95,0
3128,1,0,0,0,13,1,0,2,1,1,1,1,1,1,0,1,2,20.4,251.65,0
4210,1,0,1,0,71,1,2,1,2,2,2,0,2,2,1,1,2,109.6,7854.15,0
2694,0,0,0,0,17,1,0,2,1,1,1,1,1,1,0,0,1,19.7,340.35,0
3744,1,0,1,1,72,0,1,0,2,2,2,2,2,2,2,1,1,64.8,4719.75,0
3895,0,0,1,0,24,1,0,1,0,2,2,0,2,2,0,1,1,99.3,2431.35,1
3567,0,0,1,0,65,1,2,1,2,0,2,0,2,2,0,1,2,105.05,6914.95,0
1492,0,0,0,0,68,1,2,0,0,2,2,0,2,2,2,1,2,80.65,5330.2,0
4494,0,0,1,1,50,1,0,2,1,1,1,1,1,1,2,0,1,20.55,1070.25,0
260,0,0,1,1,46,1,0,2,1,1,1,1,1,1,2,0,3,19.4,967.85,0
3581,0,0,0,0,60,0,1,0,0,2,0,0,2,2,0,1,2,50.8,3027.4,1
1147,1,0,1,1,34,1,0,1,0,0,0,0,2,0,0,0,2,78.3,2564.3,1
1315,1,0,1,1,22,1,0,1,0,2,2,0,2,2,1,1,3,100.05,2090.25,0
4478,0,0,0,1,11,1,0,2,1,1,1,1,1,1,0,0,1,19.7,216.2,0
1249,0,0,1,0,7,1,0,0,2,0,0,0,0,0,0,1,0,50.3,355.1,0
742,0,0,1,1,24,1,0,2,1,1,1,1,1,1,2,1,3,19.7,494.05,0
6420,1,0,0,0,22,1,2,2,1,1,1,1,1,1,0,1,1,24.85,493.4,0
993,1,0,1,1,66,1,0,1,2,2,2,0,2,2,1,1,0,103.15,7031.3,0
5711,1,0,1,1,12,1,0,2,1,1,1,1,1,1,0,1,2,21.15,306.05,0
2970,0,1,1,0,35,1,2,1,0,0,2,0,2,2,0,0,0,102.05,3452.55,0
765,0,0,1,0,14,1,0,1,2,2,0,2,2,2,1,0,3,105.95,1348.9,1
4896,1,0,0,0,29,1,0,1,0,2,0,2,2,0,0,0,3,89.65,2623.65,0
943,1,1,1,0,1,1,0,1,0,0,0,0,0,0,0,1,2,70.3,70.3,1
4281,0,1,1,0,28,1,2,1,0,2,2,2,2,2,0,1,2,110.85,3204.4,0
536,1,0,0,0,16,1,0,2,1,1,1,1,1,1,0,1,1,20.6,330.25,0
3318,1,0,0,0,48,1,2,1,2,0,0,2,0,2,0,1,2,95.4,4445.3,0
4702,0,0,1,0,12,1,0,0,0,2,0,0,0,0,0,1,2,51.25,612.1,0
3109,0,0,1,1,19,1,0,0,0,0,2,0,0,0,0,1,0,49.6,962.9,0
1834,0,0,0,0,1,1,0,0,0,0,0,0,0,0,0,0,3,44.75,44.75,0
521,1,0,1,1,54,1,2,0,0,0,2,0,0,2,2,0,1,63.35,3409.1,0
4334,0,0,1,0,34,1,2,1,0,0,2,0,2,2,0,1,2,100.45,3414.65,0
3412,1,1,1,0,67,1,2,1,2,2,0,0,0,0,0,0,0,83.85,5588.8,0
6202,1,1,1,0,1,1,2,1,0,0,0,0,0,0,0,0,2,74.3,74.3,0
6196,0,0,1,1,27,1,0,2,1,1,1,1,1,1,1,1,3,20.55,583.3,0
2330,0,0,0,0,1,1,2,0,0,0,0,0,0,0,0,1,0,49.95,49.95,1
4304,0,0,0,0,27,1,0,0,2,2,0,0,0,0,2,0,0,52.85,1498.65,0
5059,1,0,0,0,33,1,0,1,0,0,0,0,0,0,0,0,2,68.25,2171.15,1
3458,1,0,0,0,29,1,2,0,0,2,2,0,0,2,1,0,1,70.9,1964.6,0
2677,0,0,0,0,14,1,0,0,2,0,0,2,0,0,1,0,3,55.7,795.15,0
5735,1,0,0,0,14,0,1,0,0,2,0,0,0,0,0,1,3,31.1,419.7,0
5100,1,0,0,1,57,1,2,0,2,2,2,2,2,2,2,0,3,89.55,5012.35,0
350,0,0,0,0,62,1,2,1,2,2,2,0,0,0,1,1,2,92.05,5755.8,0
2825,0,0,0,0,7,1,2,0,0,0,0,2,2,2,0,1,2,74.65,521.1,1
2036,1,1,0,0,13,1,0,0,0,2,0,0,2,0,0,1,2,59.9,788.35,0
4204,1,1,1,0,15,1,2,1,2,0,2,0,2,0,0,1,2,96.5,1392.25,0
1561,0,0,1,0,72,1,2,1,2,2,2,0,2,2,2,1,2,110.75,7751.7,0
4167,0,0,0,1,72,1,0,2,1,1,1,1,1,1,2,1,3,19.75,1567.0,0
6818,0,0,0,0,5,1,2,1,0,0,2,0,2,2,0,1,2,100.5,514.0,1
6030,0,0,0,0,8,1,2,1,0,0,0,0,0,0,0,1,2,73.5,632.2,0
176,0,1,1,1,12,0,1,0,0,0,0,2,0,0,0,1,3,29.3,355.9,0
512,0,0,1,1,64,1,2,1,2,0,0,2,0,0,0,1,0,86.8,5327.25,0
4425,0,0,0,1,18,0,1,0,0,0,0,0,0,2,0,1,2,35.0,553.0,1
4786,0,1,0,0,20,1,0,1,0,0,0,0,2,0,0,0,0,80.7,1614.2,0
1490,0,0,1,0,47,1,0,1,0,0,2,0,0,2,0,1,2,85.3,4045.65,1
22,0,0,1,1,23,1,2,1,0,0,0,0,2,0,0,1,2,83.75,1849.95,0
6641,1,0,1,1,72,0,1,0,2,2,2,2,2,2,2,1,1,65.25,4478.85,0
4952,0,0,0,0,6,1,0,2,1,1,1,1,1,1,0,0,3,20.0,109.2,0
4755,1,0,0,0,18,1,0,1,0,2,2,0,2,2,0,0,1,101.3,1794.65,0
4275,0,1,0,0,32,1,0,1,0,2,0,0,0,0,0,1,2,74.4,2276.95,1
6800,0,0,1,1,18,1,2,2,1,1,1,1,1,1,2,1,1,24.65,471.35,0
5398,1,0,0,1,62,1,2,2,1,1,1,1,1,1,2,1,3,24.4,1413.0,0
1912,1,0,0,0,13,1,0,2,1,1,1,1,1,1,1,0,3,19.45,270.2,0
6267,0,0,0,0,48,1,0,0,2,0,2,2,0,0,1,1,1,60.35,2896.4,1
5367,1,0,0,0,1,1,0,1,0,0,0,0,2,2,0,1,2,89.25,89.25,0
2763,0,0,0,0,50,0,1,0,0,2,2,2,0,0,2,0,1,39.7,1932.75,0
3654,1,1,0,0,4,0,1,0,0,0,0,0,0,0,0,1,0,25.2,102.5,1
4359,1,0,0,0,10,1,0,0,0,0,0,0,0,0,0,1,1,45.8,436.2,0
3843,1,0,0,0,9,1,0,2,1,1,1,1,1,1,0,0,1,19.7,180.7,0
1669,1,0,0,0,18,1,2,1,0,0,2,0,2,0,1,1,1,89.6,1633.0,0
363,0,1,1,0,55,1,2,1,0,2,2,0,0,0,0,1,2,85.45,4874.7,1
3502,1,0,1,1,7,1,0,0,0,0,2,0,0,0,0,0,2,48.7,340.25,1
1797,0,0,1,0,51,0,1,0,0,2,0,0,2,2,0,1,2,49.65,2553.35,0
4235,1,0,1,0,10,1,0,1,0,0,0,0,0,0,0,1,2,70.3,738.2,1
5364,0,0,1,1,41,1,0,0,2,0,0,2,2,2,1,1,1,74.7,3187.65,0
5094,1,0,0,1,61,1,0,2,1,1,1,1,1,1,2,0,3,19.75,1124.2,0
6209,1,0,1,1,63,1,2,2,1,1,1,1,1,1,2,0,1,24.65,1574.5,0
3944,1,0,0,0,1,1,0,0,0,0,0,0,0,0,0,0,2,45.3,45.3,1
1404,1,0,1,1,55,1,0,2,1,1,1,1,1,1,2,0,0,19.35,1153.25,0
271,0,0,0,0,37,1,2,1,0,2,2,0,2,2,0,1,0,101.9,3545.35,1
4423,0,0,1,1,72,1,2,1,2,2,0,2,2,0,2,0,0,99.9,7251.7,0
3404,0,1,1,1,66,1,2,1,2,2,0,2,2,2,1,1,1,110.6,7210.85,0
533,1,0,0,1,72,1,0,2,1,1,1,1,1,1,2,0,1,19.9,1529.65,0
4805,1,0,0,1,30,1,2,2,1,1,1,1,1,1,1,0,0,25.35,723.3,0
3450,0,0,1,1,61,0,1,0,0,2,2,2,2,2,2,1,0,61.45,3751.15,0
3195,0,0,1,1,43,1,0,0,0,0,0,0,2,0,0,0,2,56.15,2499.3,1
735,0,0,1,1,69,1,0,2,1,1,1,1,1,1,1,1,1,20.35,1442.65,0
2371,0,1,0,0,12,1,2,1,0,2,0,0,2,0,0,1,2,91.3,1094.5,1
2300,0,0,0,0,37,0,1,0,0,0,0,2,0,0,0,0,1,28.6,973.55,1
947,1,1,1,0,40,1,0,0,0,0,0,0,0,2,1,0,2,55.8,2283.3,0
2751,0,0,1,0,64,1,2,2,1,1,1,1,1,1,2,0,3,25.55,1714.95,0
6060,1,0,1,0,70,1,0,0,2,2,2,2,0,0,2,0,1,64.95,4523.25,0
2829,1,0,1,1,6,1,0,2,1,1,1,1,1,1,0,0,1,19.85,138.85,0
718,0,1,1,0,67,1,2,1,2,2,2,2,0,2,1,1,1,105.4,7035.6,0
3643,1,0,1,0,37,1,2,0,2,0,0,0,0,0,0,1,3,55.05,2030.75,0
591,0,1,1,0,26,1,0,1,0,0,2,0,2,0,0,1,1,85.7,2067.0,0
1455,1,0,0,0,27,1,0,2,1,1,1,1,1,1,1,0,0,20.1,562.6,0
1666,1,0,0,0,72,1,0,2,1,1,1,1,1,1,2,0,0,19.85,1434.1,0
2783,0,0,1,1,34,1,2,2,1,1,1,1,1,1,2,0,1,24.95,894.3,0
3333,0,0,0,0,4,1,2,1,0,0,0,0,0,0,0,1,2,75.65,302.35,0
4258,1,1,1,0,40,1,0,1,2,2,2,2,2,0,1,1,1,98.15,4116.8,0
3794,0,1,1,1,65,1,2,1,0,2,2,0,2,2,1,1,2,107.45,7047.5,0
5369,0,1,1,0,2,1,0,0,0,2,0,0,0,0,0,0,1,50.15,115.1,1
2529,0,1,1,0,14,1,2,1,0,2,0,0,2,2,0,1,2,100.2,1369.8,1
5795,0,0,0,0,7,1,0,0,0,0,0,0,2,2,0,1,2,66.85,458.1,0
4244,0,1,1,0,72,1,2,1,0,2,2,0,2,2,1,0,1,105.0,7578.05,0
3769,0,1,1,0,32,1,2,1,0,0,0,0,2,0,0,1,1,85.95,2628.6,1
575,1,0,0,0,53,1,2,1,0,0,0,0,2,0,0,0,0,85.45,4517.25,1
155,0,0,1,1,28,1,0,1,0,0,0,0,0,2,0,1,2,81.05,2227.1,1
3428,0,0,0,0,1,1,0,0,0,0,0,0,0,0,0,1,2,44.1,44.1,1
2433,1,0,0,1,21,1,2,2,1,1,1,1,1,1,0,0,3,24.7,467.15,0
2265,0,0,1,1,3,0,1,0,0,0,0,2,0,0,0,1,3,31.0,95.05,1
4040,0,0,1,1,48,1,0,0,2,2,2,0,0,2,2,1,1,70.1,3238.4,0
948,0,0,1,1,11,1,2,0,0,0,0,2,0,2,0,1,2,66.35,740.8,1
6405,1,0,1,0,61,1,2,0,2,0,2,2,0,2,2,0,1,75.35,4729.3,0
3236,0,0,0,0,9,1,0,1,0,0,0,0,2,2,0,1,3,88.4,788.6,0
2442,1,0,1,1,68,1,2,0,0,2,0,2,0,2,2,0,1,70.8,4859.95,0
5658,1,0,0,0,47,1,2,1,0,2,2,0,2,2,1,1,2,103.1,4889.3,0
211,0,0,1,0,70,1,2,1,0,0,2,0,2,2,1,1,2,97.65,6982.5,0
6078,1,0,0,0,3,1,0,1,0,0,2,0,0,0,0,1,1,73.6,232.5,0
610,1,0,1,1,6,1,0,2,1,1,1,1,1,1,1,0,3,19.45,113.5,0
1415,1,0,1,1,29,1,2,1,0,0,2,0,0,2,0,1,2,89.2,2698.35,1
332,0,0,0,0,1,1,0,1,0,0,0,0,0,0,0,1,2,69.5,69.5,1
3088,0,0,0,0,20,1,0,2,1,1,1,1,1,1,1,1,1,19.35,433.75,0
833,0,0,0,0,4,0,1,0,2,0,2,2,0,2,0,0,3,48.25,202.25,0
6838,1,0,1,1,56,1,0,1,0,2,2,2,0,0,1,1,3,85.85,4793.8,0
3614,0,0,1,0,43,1,2,0,2,2,0,2,2,2,2,0,1,86.45,3574.5,0
6351,1,0,1,0,1,0,1,0,0,0,2,0,2,2,0,1,2,50.35,50.35,1
3971,0,0,1,1,24,1,2,1,0,2,2,0,0,0,1,0,0,83.15,2033.05,0
5434,0,0,1,1,54,1,0,2,1,1,1,1,1,1,2,1,0,20.35,1092.35,0
5539,0,0,0,0,43,1,2,2,1,1,1,1,1,1,2,1,1,25.7,1188.2,0
1842,1,1,1,0,31,1,2,1,2,0,0,0,2,0,0,0,2,89.45,2807.65,0
5244,0,0,0,0,2,1,0,1,0,0,0,0,0,0,0,1,2,70.15,123.8,0
6860,0,0,0,0,22,1,0,2,1,1,1,1,1,1,1,0,0,20.85,450.65,0
3104,0,0,0,0,39,0,1,0,0,0,2,0,2,2,0,1,1,50.65,1905.4,0
731,0,1,1,0,3,0,1,0,0,2,0,0,0,0,0,1,2,30.75,82.85,0
4989,0,0,0,0,29,0,1,0,0,0,0,0,0,0,0,1,1,25.1,712.85,1
3768,1,0,1,1,48,1,0,0,0,2,2,0,0,0,1,1,1,55.8,2651.2,0
908,1,0,0,0,46,0,1,0,0,2,0,0,0,0,0,0,0,30.3,1380.1,1
3909,0,0,1,0,47,1,0,0,2,0,2,0,2,0,1,1,1,66.05,3021.45,0
2720,0,0,1,1,70,1,2,1,2,2,2,2,2,2,2,1,1,113.05,7869.05,0
6806,0,0,0,0,42,1,2,1,2,0,2,0,2,2,0,1,2,105.2,4400.75,1
2363,1,0,0,0,5,1,2,1,0,0,0,0,2,2,0,1,0,94.85,462.8,1
2219,1,0,1,1,35,1,2,1,0,2,2,2,2,2,0,1,2,109.95,3782.4,0
184,0,0,1,1,72,0,1,0,2,2,2,2,2,2,2,1,0,63.8,4684.3,0
761,1,1,1,0,28,1,2,1,0,2,0,2,2,2,0,1,2,105.8,2998.0,0
5921,0,1,1,0,72,1,2,0,2,2,2,2,0,2,2,0,0,78.45,5682.25,0
2195,1,0,1,0,71,1,2,1,0,2,2,0,0,2,0,1,0,93.25,6669.45,0
143,1,0,0,0,15,1,2,1,0,0,0,0,2,2,0,1,2,93.35,1444.65,1
689,0,0,1,0,56,1,2,1,0,2,2,2,0,0,0,0,2,90.55,5116.6,0
6465,1,0,0,0,56,1,0,0,2,0,2,0,0,0,1,0,3,52.7,3019.7,0
5520,0,0,1,1,39,1,0,1,0,0,2,2,0,0,0,1,0,81.5,3107.3,0
413,0,0,1,1,70,1,0,2,1,1,1,1,1,1,2,1,3,19.2,1401.4,0
1403,0,0,0,1,17,1,2,1,0,2,2,2,0,0,0,1,1,92.7,1556.85,0
6319,1,0,0,0,51,1,2,1,2,2,0,0,2,0,1,1,2,94.8,4837.6,1
4471,1,0,0,0,3,1,0,0,0,2,0,0,0,0,0,1,3,49.9,130.1,1
6524,0,0,0,0,11,1,0,2,1,1,1,1,1,1,0,0,0,20.3,246.3,0
2851,0,0,1,0,52,1,2,1,0,2,2,0,2,0,0,0,0,94.6,5025.8,0
1710,1,0,1,0,31,1,2,0,0,0,2,2,2,2,1,1,3,79.3,2484.0,0
5047,1,0,1,1,43,1,2,0,2,0,0,2,0,2,1,1,1,71.9,3173.35,0
1070,1,0,1,1,19,1,0,2,1,1,1,1,1,1,1,0,3,19.8,344.5,0
2729,0,0,1,1,67,0,1,0,2,2,0,0,0,0,2,0,0,36.15,2434.45,0
147,0,0,1,1,72,1,2,0,2,2,2,2,2,2,2,0,0,92.65,6733.0,0
6098,1,1,1,0,47,1,2,1,0,0,2,0,2,2,0,1,2,100.05,4871.05,1
6777,0,0,1,0,25,1,0,2,1,1,1,1,1,1,1,1,0,20.2,507.9,0
2108,0,0,1,1,37,1,0,0,2,2,0,0,2,2,1,0,0,75.1,2658.8,0
687,1,1,0,0,8,1,0,1,0,0,0,0,0,0,0,1,2,69.7,572.85,0
2917,0,0,0,0,63,1,2,1,0,2,0,0,2,2,2,0,0,97.45,6253.0,0
955,1,0,0,0,7,1,0,2,1,1,1,1,1,1,0,1,3,18.95,130.55,0
6946,0,0,1,0,3,1,2,1,0,0,0,0,0,0,0,1,1,74.1,228.0,1
5876,1,0,0,0,1,1,0,2,1,1,1,1,1,1,0,1,3,20.45,20.45,0
5200,1,0,0,0,8,1,2,0,0,0,0,0,2,0,0,1,2,59.25,436.6,0
2691,0,0,0,0,31,1,2,1,0,0,0,2,0,0,0,1,1,79.85,2404.15,1
6609,0,0,0,0,23,1,0,2,1,1,1,1,1,1,0,1,3,19.5,470.2,0
3556,0,0,0,0,13,1,0,2,1,1,1,1,1,1,1,0,3,20.2,273.25,0
5458,1,0,1,1,8,1,0,2,1,1,1,1,1,1,1,0,1,19.9,153.95,0
4502,1,0,1,1,72,0,1,0,2,2,2,2,0,2,2,1,1,55.45,4179.2,0
5685,1,1,0,0,15,1,2,1,0,2,0,0,0,0,0,1,2,80.2,1217.25,1
2298,1,0,1,1,6,1,2,2,1,1,1,1,1,1,2,0,3,25.4,153.3,0
3319,1,1,0,0,50,1,2,0,2,2,0,0,2,0,0,1,0,70.35,3454.6,0
6220,0,0,1,0,8,1,0,0,2,0,0,2,0,2,2,0,3,65.5,564.35,0
1619,0,0,1,0,39,1,0,1,2,0,2,2,2,2,1,1,1,104.7,4134.85,1
4072,1,0,0,0,69,1,2,1,0,0,2,2,2,2,2,1,0,106.5,7348.8,1
223,0,0,0,0,6,1,0,1,0,0,0,0,2,2,0,0,2,89.3,577.6,1
6383,1,0,0,0,3,1,0,0,0,0,0,2,2,2,0,1,2,69.35,191.35,1
5202,1,0,1,1,25,1,0,2,1,1,1,1,1,1,1,0,2,19.6,411.15,0
5508,1,0,1,1,34,0,1,0,0,0,0,2,2,0,2,1,2,40.55,1325.85,0
5663,0,0,1,1,72,1,2,2,1,1,1,1,1,1,2,0,3,24.9,1859.2,0
547,0,0,1,1,24,1,2,0,2,2,0,0,2,2,1,0,2,78.4,1832.4,0
6757,1,1,0,0,55,0,1,0,2,2,0,0,2,0,0,1,2,44.85,2479.05,0
6069,1,0,0,0,1,1,2,1,0,0,0,0,0,2,0,1,2,86.6,86.6,1
5626,0,0,0,0,30,1,0,1,0,0,0,2,2,0,0,0,2,85.15,2555.9,1
793,1,0,0,0,1,1,2,1,0,0,0,0,0,0,0,1,2,74.95,74.95,1
1259,0,1,1,0,40,0,1,0,0,2,0,0,2,0,0,1,2,39.3,1637.4,1
3426,0,1,0,0,3,1,0,1,0,0,2,0,0,0,0,0,2,73.85,196.4,0
4166,0,0,0,0,13,1,2,1,0,0,0,0,0,2,0,1,2,84.6,1115.2,1
3418,0,1,0,0,1,1,0,1,0,2,0,0,0,2,0,1,2,86.0,86.0,1
3685,1,0,1,1,67,1,0,0,2,2,0,2,0,0,1,0,3,60.05,3994.05,0
3232,0,0,1,1,2,1,0,1,0,0,0,0,0,0,0,0,2,70.4,147.15,1
4155,0,0,1,1,6,1,0,0,2,2,0,0,0,0,0,0,1,55.9,365.35,1
2726,0,1,0,0,1,1,0,1,0,0,0,0,0,0,0,1,2,71.25,71.25,0
2724,1,0,0,0,7,1,2,1,0,0,0,0,2,2,0,0,3,95.0,655.5,1
5592,0,0,0,1,4,1,0,2,1,1,1,1,1,1,0,1,0,20.05,85.5,0
3163,0,0,1,1,9,1,0,2,1,1,1,1,1,1,1,0,3,20.25,172.35,0
371,1,1,0,0,51,1,2,1,0,2,0,0,0,0,1,1,0,79.6,3974.7,0
1067,0,0,1,1,71,1,2,2,1,1,1,1,1,1,2,0,1,23.9,1663.5,0
3680,1,1,1,0,54,1,2,1,0,0,0,0,0,0,0,0,0,74.0,3919.15,0
300,0,0,0,0,44,1,2,0,0,0,0,0,0,0,0,1,3,50.15,2139.1,0
4192,1,0,0,0,2,1,0,2,1,1,1,1,1,1,0,0,3,20.05,42.7,0
6467,1,0,0,0,6,1,0,0,2,0,2,2,2,2,2,1,3,80.25,493.4,0
1833,0,0,0,0,6,1,0,1,0,0,0,0,2,2,0,1,2,91.1,455.3,1
6606,0,1,0,0,44,1,0,1,0,2,2,0,0,2,1,0,1,89.15,3990.75,0
1450,0,0,0,0,4,1,0,0,0,2,0,0,2,2,0,1,0,68.65,261.25,1
3198,1,1,1,0,16,1,0,1,0,0,2,2,0,2,0,1,2,91.55,1540.05,0
6726,1,0,1,0,8,1,0,1,2,0,0,0,0,0,0,1,3,75.0,658.1,0
255,1,1,0,0,34,1,0,1,0,2,2,0,2,2,1,1,2,99.85,3343.15,0
1078,1,0,1,0,5,1,2,1,0,2,0,0,0,0,0,1,2,78.75,412.1,1
6668,0,0,1,1,72,1,2,0,2,2,2,2,0,2,2,1,0,79.5,5661.7,0
6698,1,0,1,1,18,1,0,1,0,0,2,0,2,2,0,0,3,95.15,1779.95,1
2870,1,0,1,0,55,1,2,1,0,0,2,2,2,2,1,1,2,104.15,5743.05,1
5146,1,0,0,1,1,0,1,0,0,0,0,0,0,0,0,1,2,25.3,25.3,1
3367,0,0,1,1,11,0,1,0,2,0,0,0,0,0,0,1,2,29.6,346.45,0
6232,0,0,1,1,30,1,0,1,0,0,2,0,0,2,1,0,2,86.45,2538.05,0
3703,0,0,0,0,2,1,0,0,0,2,0,2,0,0,0,1,1,55.05,102.75,1
4388,0,0,1,0,3,1,0,2,1,1,1,1,1,1,0,1,3,19.6,55.25,0
5927,0,0,1,0,64,1,0,2,1,1,1,1,1,1,2,0,1,19.45,1225.65,0
2965,0,0,0,0,2,0,1,0,0,0,0,0,0,0,0,0,2,24.5,46.4,0
4550,0,0,0,0,46,1,0,0,0,0,0,0,0,2,1,0,1,55.65,2688.85,0
6067,1,0,0,0,43,1,2,1,0,0,0,0,2,2,1,0,3,94.35,3921.3,0
3592,0,0,0,0,2,1,0,1,2,2,0,0,2,0,0,1,2,91.15,168.5,0
2389,0,1,1,0,65,1,2,1,2,0,2,0,2,2,0,0,0,105.25,6786.4,1
699,0,0,0,0,1,1,0,1,0,0,0,0,0,0,0,1,2,70.85,70.85,1
3897,0,1,1,0,67,1,2,1,2,0,2,0,2,2,1,1,1,107.05,7142.5,0
3525,1,0,0,0,66,0,1,0,0,0,0,2,0,0,1,0,1,29.45,1983.15,0
297,0,1,0,0,18,1,0,1,0,2,0,0,0,0,0,1,2,74.7,1294.6,0
3283,0,1,1,0,42,1,2,1,0,2,2,0,2,0,0,1,2,95.55,3930.6,0
6415,1,0,1,1,34,1,2,0,0,0,2,0,2,2,1,0,0,77.2,2753.8,0
2405,1,0,0,0,68,1,2,0,2,2,2,0,0,2,1,1,1,76.9,5023.0,0
5389,1,0,1,1,35,1,0,2,1,1,1,1,1,1,2,0,3,19.6,686.95,0
5251,0,0,1,1,72,1,2,0,2,2,0,2,0,0,2,0,1,66.75,4760.3,0
3124,0,0,0,0,2,1,0,1,0,0,0,0,0,0,0,1,2,69.7,135.2,0
1189,1,0,1,0,60,1,0,0,2,0,0,0,2,0,1,1,3,59.8,3561.15,0
915,1,0,0,0,1,0,1,0,0,0,0,0,0,0,0,1,2,24.25,24.25,1
3566,0,0,1,1,67,1,2,1,2,0,0,2,2,2,2,0,1,106.7,7009.5,0
3381,1,0,1,1,72,1,2,1,2,2,2,2,0,2,1,1,1,104.9,7537.5,0
1164,0,0,1,1,47,1,0,2,1,1,1,1,1,1,2,0,3,19.75,948.9,0
6382,1,0,0,1,27,1,0,2,1,1,1,1,1,1,0,0,3,19.15,537.35,0
4209,1,0,0,0,53,0,1,0,0,0,2,2,2,2,1,0,1,54.9,3045.75,0
3750,0,0,1,0,56,1,0,1,2,2,2,0,2,2,1,1,1,105.6,6068.65,0
847,1,0,1,1,50,1,2,1,2,0,2,0,2,2,0,0,1,105.95,5341.8,1
6574,1,0,1,1,67,1,2,1,0,2,0,0,0,2,0,1,0,89.55,6373.1,0
1036,0,0,1,0,29,1,0,2,1,1,1,1,1,1,0,0,3,19.85,573.05,0
4465,0,0,0,0,19,1,0,0,0,2,0,0,2,0,1,0,2,58.2,1045.25,0
3516,0,0,0,0,2,1,0,2,1,1,1,1,1,1,0,1,3,20.0,40.9,0
2332,1,0,0,0,12,1,2,1,0,0,0,0,2,2,0,0,2,94.55,1173.55,0
5407,1,0,1,1,24,1,2,0,2,0,0,0,0,0,0,0,2,54.75,1338.15,1
3557,0,0,0,0,1,1,0,1,0,0,2,0,0,0,0,0,2,75.55,75.55,0
3759,1,0,1,1,46,1,0,2,1,1,1,1,1,1,2,1,3,20.1,936.85,0
2690,1,0,1,0,67,0,1,0,2,2,0,2,0,2,2,1,0,50.95,3521.7,0
6489,0,0,1,0,42,1,2,0,2,0,2,2,2,2,2,0,1,84.35,3571.6,0
6418,1,1,1,0,68,1,2,1,0,2,2,0,2,2,0,1,2,105.3,7299.65,1
5260,0,1,0,1,1,1,0,1,0,0,0,0,0,0,0,1,2,71.0,71.0,1
702,1,0,1,1,60,1,0,0,2,2,0,2,2,2,0,1,1,79.05,4663.4,0
4151,1,1,1,0,6,1,0,1,0,2,0,0,0,2,0,1,2,84.2,519.15,1
5799,0,0,1,1,72,1,2,2,1,1,1,1,1,1,2,0,0,23.75,1679.25,0
6043,1,0,0,0,17,1,0,1,0,2,2,0,0,2,0,1,1,90.95,1612.2,0
2116,1,0,0,1,3,1,0,2,1,1,1,1,1,1,0,0,0,20.2,50.6,0
5269,1,1,1,1,60,1,2,1,2,0,0,0,0,0,0,1,2,80.95,4859.1,0
6270,1,0,0,0,29,1,0,2,1,1,1,1,1,1,1,0,3,19.1,529.5,0
1549,0,1,0,0,2,1,0,1,0,0,0,0,0,0,0,1,0,70.2,115.95,1
7037,0,0,0,0,4,1,0,2,1,1,1,1,1,1,0,0,0,20.95,85.5,1
6816,0,0,1,1,72,1,2,1,2,2,2,0,2,2,2,0,1,109.7,8129.3,0
849,0,0,1,0,64,1,2,1,2,2,2,2,2,2,1,1,2,115.0,7396.15,0
3748,0,0,0,0,49,1,0,1,0,0,2,2,2,2,2,0,1,100.65,4917.75,0
5594,0,0,0,0,15,1,2,0,0,0,0,0,0,0,0,1,3,48.8,720.1,0
1278,0,0,0,0,39,1,0,0,0,2,0,0,2,0,1,1,1,58.6,2224.5,0
439,1,0,0,0,3,1,0,1,2,0,0,2,0,0,0,1,3,82.3,214.4,0
1781,0,0,0,0,12,1,0,0,0,0,0,0,0,0,0,0,0,43.8,540.95,0
3500,0,0,0,1,15,1,0,0,2,2,2,2,0,0,1,0,1,65.6,1010.0,0
4170,1,0,1,1,3,1,0,0,0,0,2,0,0,0,0,1,2,50.15,168.15,1
4872,1,0,0,0,37,1,0,1,0,2,0,0,2,2,0,1,1,96.1,3646.8,0
2007,1,0,1,0,40,1,0,1,0,2,2,0,0,0,1,0,2,80.8,3132.75,0
5849,0,0,0,0,27,1,0,0,2,2,0,0,0,0,0,1,3,56.7,1652.95,0
3918,1,0,1,1,1,1,0,2,1,1,1,1,1,1,0,0,3,19.9,19.9,1
582,0,0,1,1,13,1,0,2,1,1,1,1,1,1,2,0,3,19.55,265.3,0
2689,0,0,1,1,27,1,2,2,1,1,1,1,1,1,2,0,2,24.5,761.95,0
4987,0,0,0,0,40,1,2,0,0,0,2,2,2,2,1,1,3,80.75,3208.65,0
28,1,0,0,0,26,1,0,2,1,1,1,1,1,1,1,1,0,19.6,471.85,0
850,1,0,0,0,3,1,2,0,0,0,0,2,2,0,0,1,3,65.25,209.9,0
1383,0,1,0,0,33,0,1,0,2,2,2,0,2,2,0,1,0,59.45,1884.65,0
1731,0,0,1,1,0,1,0,2,1,1,1,1,1,1,2,0,3,20.0,2283.3004408418656,0
7027,1,1,1,1,34,1,2,1,0,2,2,2,2,2,0,1,2,108.9,3625.2,0
1634,1,1,0,0,35,1,2,1,2,0,0,0,0,2,0,0,1,91.0,3180.5,0
1025,1,1,1,0,35,1,2,1,0,0,2,0,0,0,1,1,0,81.6,2815.25,0
3265,0,1,1,1,60,1,0,0,2,2,2,2,0,2,1,1,1,74.85,4456.35,0
3001,0,1,1,1,56,1,0,0,2,0,0,2,2,2,2,1,1,72.6,4084.35,0
4071,1,1,1,0,10,1,0,1,0,2,2,2,2,0,0,1,3,92.5,934.1,1
3780,0,0,0,0,2,1,0,1,0,2,0,0,2,0,0,1,0,87.15,183.75,1
4847,0,0,0,0,13,0,1,0,0,0,0,0,0,0,0,1,2,23.9,300.8,1
2914,0,1,0,0,8,1,0,1,0,0,2,0,2,2,0,1,2,92.1,729.95,1
3248,0,0,1,0,18,1,0,1,0,0,2,0,2,2,0,1,1,95.95,1745.5,0
4436,1,0,1,1,13,1,0,0,0,0,0,0,2,2,1,1,2,64.75,877.35,0
6234,0,0,0,0,1,1,2,1,0,0,0,0,0,0,0,1,2,75.1,75.1,1
3919,1,0,0,0,8,1,0,0,0,0,0,0,0,2,0,1,1,54.75,438.05,0
2509,0,0,1,0,57,1,2,0,0,2,2,2,2,0,1,0,0,74.6,4368.95,0
6373,0,1,1,0,32,1,2,1,0,0,2,0,0,0,0,0,3,79.3,2570.0,0
6149,1,0,1,1,59,1,0,2,1,1,1,1,1,1,2,0,3,19.85,1188.25,0
5111,0,0,1,1,62,1,2,1,2,0,0,0,2,2,2,1,0,101.15,6638.35,0
869,1,0,0,0,55,1,2,1,0,0,0,0,2,2,0,1,2,96.8,5283.95,1
5268,1,0,0,0,9,1,0,1,0,0,0,2,2,2,0,1,0,95.9,827.45,0
6339,0,0,1,1,4,1,0,0,0,2,0,2,0,0,0,0,3,56.5,235.1,1
5199,1,0,1,0,71,1,2,1,0,2,2,2,2,2,2,1,1,108.6,7690.9,1
5154,0,1,0,0,47,1,2,1,0,2,2,0,0,0,0,1,0,85.2,3969.35,1
3885,1,1,1,0,43,1,2,1,0,2,0,2,2,0,0,1,2,94.3,3953.15,0
559,1,1,0,0,52,0,1,0,0,2,0,0,2,2,0,1,2,49.15,2550.9,1
19,1,1,0,0,1,0,1,0,0,0,0,0,0,0,0,1,2,25.1,25.1,1
3741,1,1,0,0,11,1,0,1,0,0,0,0,0,2,0,1,1,79.15,827.7,0
4559,0,1,1,0,66,1,2,1,0,0,2,2,2,2,1,1,1,105.95,6975.25,1
3246,1,0,1,1,17,1,2,0,2,0,2,0,2,0,1,1,0,70.35,1201.65,0
406,0,0,1,1,59,1,2,2,1,1,1,1,1,1,2,0,3,25.45,1534.05,0
4410,1,0,0,1,57,1,0,2,1,1,1,1,1,1,2,1,3,19.6,1170.55,0
1371,1,0,1,1,38,1,2,1,0,2,2,0,2,0,0,1,2,94.65,3624.3,1
677,0,1,1,0,68,1,0,0,0,2,2,2,0,0,1,1,0,60.65,3975.9,0
3056,1,0,0,0,1,1,0,0,0,0,0,0,0,0,0,1,2,44.75,44.75,0
2570,1,0,0,0,5,1,0,2,1,1,1,1,1,1,0,0,0,20.65,93.55,0
2583,1,0,1,1,4,0,1,0,2,0,0,0,2,0,0,0,1,38.55,156.1,0
2382,0,0,0,0,31,1,0,0,0,2,2,2,2,2,2,0,3,79.2,2497.2,0
4442,1,0,0,0,1,1,0,0,0,0,0,0,2,2,0,1,3,62.8,62.8,0
1405,0,0,1,1,5,1,0,0,2,0,0,0,0,0,0,1,3,49.4,232.55,0
4936,1,0,1,0,70,1,2,0,0,2,2,2,2,0,2,0,0,72.95,5265.55,0
4450,1,0,1,0,60,1,0,1,0,2,0,0,2,2,1,1,2,94.4,5610.25,1
307,1,0,1,0,66,1,2,0,2,2,0,2,2,2,2,0,2,85.25,5538.35,0
3689,1,1,1,0,57,1,0,1,0,2,2,0,2,0,1,1,2,90.65,5199.8,0
655,1,0,0,0,42,1,2,1,2,2,2,0,0,2,1,1,2,99.0,4298.45,0
5402,1,0,1,1,22,1,0,1,2,0,0,0,0,0,0,0,0,75.0,1573.95,0
6634,1,0,1,1,72,1,2,2,1,1,1,1,1,1,2,1,1,25.1,1790.8,0
1040,1,0,1,1,45,1,2,0,2,2,0,2,2,0,2,0,1,73.85,3371.0,0
1091,1,0,0,0,3,1,0,0,0,0,0,0,0,0,0,1,2,45.35,141.5,1
2743,1,1,1,0,12,1,2,1,0,2,0,0,2,2,0,1,2,101.35,1218.55,1
5102,0,0,1,1,36,1,0,2,1,1,1,1,1,1,0,0,0,19.2,702.9,0
1429,0,1,0,0,30,1,2,1,0,2,2,0,2,2,0,1,2,104.1,3121.1,0
6394,0,1,0,0,1,1,2,0,0,0,0,0,0,0,0,0,3,50.55,50.55,1
1486,0,0,0,0,45,1,2,0,2,0,0,2,0,2,2,0,3,73.55,3349.1,0
3559,0,0,1,0,51,1,2,2,1,1,1,1,1,1,2,0,3,25.5,1281.25,0
3666,0,0,0,0,4,1,0,0,0,0,0,0,0,0,0,1,3,46.0,193.6,1
1577,0,0,1,0,65,1,0,0,2,2,2,0,0,2,2,0,0,71.0,4386.2,0
5321,0,0,0,0,12,1,0,1,0,2,0,0,0,2,0,1,2,84.6,1017.35,0
696,0,0,1,1,72,1,0,0,2,0,2,2,2,2,2,1,0,80.45,5886.85,0
1645,0,1,1,0,72,1,2,1,2,2,2,2,2,2,2,1,0,114.85,8317.95,0
2034,0,0,1,0,56,1,2,1,0,2,0,0,2,2,1,1,2,98.25,5508.35,1
3742,1,0,1,1,68,1,2,1,2,2,2,2,2,2,2,1,2,113.15,7856.0,1
2621,1,0,1,0,6,1,2,1,0,0,0,0,2,0,0,1,2,82.85,460.25,1
186,0,0,1,0,8,1,0,1,0,2,2,0,2,2,0,0,2,101.15,842.9,1
5454,0,0,1,1,69,1,0,2,1,1,1,1,1,1,2,0,0,20.15,1337.5,0
865,0,1,0,0,27,1,2,1,2,2,2,0,2,2,1,1,0,110.5,2857.6,0
2329,0,0,0,0,34,1,2,1,2,2,2,0,2,2,0,1,3,109.8,3587.25,1
5409,0,0,1,0,42,1,2,1,0,0,2,2,0,0,0,1,1,85.9,3729.75,0
5414,0,0,0,0,11,1,2,1,0,0,0,0,0,0,0,1,2,76.5,837.95,1
6563,0,0,1,1,23,1,0,0,2,2,2,2,0,0,1,1,3,66.25,1533.8,0
3723,0,0,0,0,57,1,2,1,2,2,2,0,2,2,2,1,0,112.95,6465.0,1
6268,0,0,1,0,68,1,2,1,0,2,2,2,0,0,2,0,1,90.2,6297.65,0
1461,1,0,1,0,13,1,2,0,0,0,2,0,2,2,1,1,3,75.3,989.45,1
3356,1,1,1,0,46,0,1,0,0,2,2,2,2,2,1,1,0,59.9,2816.65,1
2654,0,0,1,1,33,1,0,2,1,1,1,1,1,1,2,0,3,20.1,670.35,0
5571,1,0,0,0,1,0,1,0,0,2,0,2,0,2,0,1,3,44.65,44.65,1
6536,0,0,1,0,68,1,0,0,0,2,0,2,2,0,2,0,0,64.1,4326.25,0
864,1,0,1,1,5,1,0,2,1,1,1,1,1,1,0,0,3,19.45,86.05,0
3071,1,0,0,0,44,1,0,1,2,2,2,0,2,2,1,1,2,106.05,4510.8,0
1826,1,0,1,1,72,1,0,1,2,0,2,2,2,2,2,1,1,104.9,7559.55,0
949,0,1,0,0,4,1,2,1,0,0,0,0,2,2,0,1,2,94.3,424.45,1
3522,1,0,0,0,26,1,2,1,0,0,2,2,0,0,0,1,3,84.3,2281.6,0
3053,1,1,0,0,6,1,0,1,2,0,0,0,2,0,0,1,0,85.15,503.6,1
4172,1,0,1,1,31,1,2,1,2,0,2,2,0,0,0,0,2,89.3,2823.0,0
3320,1,0,0,0,1,1,0,0,0,0,0,0,0,2,0,0,3,55.55,55.55,0
1350,0,0,1,1,68,1,0,2,1,1,1,1,1,1,2,1,0,19.35,1292.65,0
3755,1,0,1,1,51,0,1,0,2,2,2,0,2,2,1,0,2,59.3,3014.65,1
6781,1,0,1,1,63,1,0,2,1,1,1,1,1,1,2,0,3,19.7,1275.85,0
909,0,0,1,0,53,1,2,1,0,2,0,0,2,2,0,1,1,98.4,5149.5,1
3996,1,0,0,1,13,1,0,0,2,0,0,0,0,0,0,1,1,52.1,670.65,0
6450,1,1,1,0,7,1,0,1,0,0,0,0,2,2,0,1,2,89.5,676.7,1
3258,0,0,1,1,21,1,0,1,0,2,2,2,2,2,0,1,2,102.8,2110.15,1
4185,1,0,1,0,70,1,2,0,2,2,2,2,2,0,2,0,3,79.15,5536.5,0
3765,1,0,0,0,32,1,2,1,0,2,0,0,0,0,0,1,0,80.35,2596.15,1
719,0,0,1,1,56,1,2,1,2,0,2,2,2,2,0,1,3,109.6,5953.0,0
1909,1,0,0,0,21,0,1,0,0,2,0,2,0,0,0,1,3,36.0,780.15,0
1565,0,0,0,0,3,1,2,1,0,0,0,0,0,0,0,1,1,75.1,270.7,1
5996,1,0,0,0,20,1,0,2,1,1,1,1,1,1,0,1,1,19.6,356.15,0
1281,0,0,1,1,24,1,2,0,2,2,2,0,0,0,2,0,2,64.35,1558.65,0
2186,1,1,1,0,57,0,1,0,0,0,0,0,2,2,0,1,2,44.85,2572.95,1
1293,0,0,1,0,7,1,2,1,0,0,0,0,2,0,0,1,2,86.5,582.5,1
3535,1,0,0,0,10,0,1,0,0,0,2,0,0,0,0,0,3,29.5,255.25,1
4,0,1,1,0,3,1,0,1,0,0,0,2,2,0,0,1,3,83.9,267.4,1
6619,0,0,0,0,64,1,2,1,0,2,2,2,2,2,2,1,1,110.5,7069.25,0
2798,1,0,0,0,8,1,0,2,1,1,1,1,1,1,0,1,0,19.7,168.9,0
4808,0,0,1,0,26,1,2,2,1,1,1,1,1,1,1,0,3,26.0,684.05,0
3414,0,0,1,0,72,1,2,2,1,1,1,1,1,1,2,0,1,25.0,1849.2,0
141,0,0,1,1,48,0,1,0,2,0,2,0,0,2,1,0,1,45.0,2196.3,0
5214,0,0,1,1,8,1,0,2,1,1,1,1,1,1,2,0,0,19.5,159.35,0
477,1,0,0,1,23,1,0,0,0,2,0,2,0,0,0,0,2,54.15,1312.45,0
5,0,0,0,1,9,1,0,0,0,0,0,2,2,2,0,1,1,69.4,571.45,0
1609,1,0,0,0,27,1,0,2,1,1,1,1,1,1,2,0,1,20.35,531.6,0
4180,0,0,0,0,1,1,0,0,0,0,0,0,0,2,0,1,2,56.25,56.25,1
6929,1,0,1,1,58,0,1,0,2,2,2,0,2,0,1,0,3,50.0,2919.85,0
720,1,0,1,1,1,1,0,1,0,0,0,0,0,0,0,1,3,69.9,69.9,1
4966,1,0,0,0,49,1,2,1,0,2,0,0,2,2,0,0,2,98.7,4920.55,0
2150,0,0,1,0,72,1,2,0,2,2,2,2,2,2,2,0,0,92.0,6474.4,0
1049,0,0,1,1,61,1,0,0,2,0,0,0,0,0,1,1,0,49.7,2961.4,0
6045,1,0,0,0,24,1,2,1,0,0,2,0,2,0,0,1,3,89.85,2165.05,1
5373,1,0,1,1,27,1,2,1,2,2,0,2,2,0,0,0,2,100.75,2793.55,0
3242,1,0,1,1,62,1,0,2,1,1,1,1,1,1,1,0,0,19.95,1244.8,0
6426,0,0,1,0,50,1,2,1,2,2,0,2,2,2,1,0,2,108.55,5610.7,1
1446,1,0,0,0,1,1,0,0,0,0,0,0,0,0,0,1,2,45.65,45.65,1
1789,0,0,0,0,12,1,2,1,0,0,2,0,2,2,0,1,0,100.15,1164.3,1
1136,1,0,0,0,27,1,2,0,0,0,0,0,0,0,0,0,3,49.0,1291.35,0
2090,0,0,0,0,21,1,0,0,2,2,0,2,2,0,2,0,1,71.05,1524.85,0
5590,0,1,0,0,67,1,2,0,0,2,0,0,0,0,0,0,2,54.9,3725.5,0
5956,0,0,0,0,72,1,2,1,2,0,0,2,0,0,2,1,0,84.7,6185.15,0
616,1,0,0,0,38,1,0,2,1,1,1,1,1,1,1,0,3,20.1,730.1,0
2375,1,0,1,1,55,1,0,0,2,2,0,2,0,0,2,0,0,57.55,3046.4,1
1372,1,0,1,0,33,1,0,1,0,0,2,0,2,2,1,1,2,95.8,3036.75,1
1541,1,0,1,1,9,1,2,1,0,0,2,0,2,0,1,1,2,90.35,767.9,0
1092,1,1,1,0,51,1,2,1,2,0,2,0,0,2,1,1,0,93.65,4839.15,0
3196,0,0,0,0,13,0,1,0,0,0,2,0,2,2,0,0,2,49.15,649.4,0
7038,0,0,0,0,13,1,0,0,2,0,0,2,0,0,1,0,3,55.15,742.9,0
505,0,0,1,1,72,0,1,0,2,0,2,0,2,2,2,1,1,53.8,3952.45,0
2112,1,0,0,0,9,1,0,0,0,0,0,0,0,0,0,0,3,44.95,431.0,1
6861,1,0,1,1,52,0,1,0,2,0,2,0,0,2,1,0,0,44.25,2276.1,0
4219,0,0,0,0,6,1,0,2,1,1,1,1,1,1,0,1,3,20.95,109.5,0
279,0,0,0,0,3,1,2,0,0,0,0,0,2,0,0,1,2,60.25,170.5,0
4893,1,1,0,0,1,1,2,1,0,0,0,0,0,0,0,1,2,75.75,75.75,1
6214,1,0,0,0,60,1,0,0,2,0,2,2,2,2,1,0,3,79.0,4801.1,0
3182,0,0,0,0,47,1,0,0,2,2,0,2,0,0,1,1,3,58.9,2813.05,0
2987,1,1,1,0,38,0,1,0,0,0,0,0,0,0,0,1,2,24.85,955.75,0
4111,1,0,1,0,20,1,0,0,2,0,0,2,0,2,1,1,3,64.15,1274.45,0
4098,0,0,1,1,55,1,0,2,1,1,1,1,1,1,2,0,3,21.0,1210.3,0
1163,0,0,0,0,42,0,1,0,2,2,2,2,0,2,1,1,2,54.75,2348.45,0
2485,0,0,1,0,20,1,0,2,1,1,1,1,1,1,1,1,3,20.0,416.45,0
4225,1,0,0,0,1,1,0,1,0,0,0,0,2,0,0,1,2,79.05,79.05,1
4139,1,0,0,1,27,1,0,2,1,1,1,1,1,1,1,0,1,20.05,552.9,0
550,1,1,1,0,1,1,0,1,0,0,0,0,0,0,0,0,3,70.85,70.85,1
4297,0,0,1,1,70,1,2,1,0,2,2,0,2,2,1,1,2,106.5,7397.0,0
2656,0,0,1,1,64,1,0,2,1,1,1,1,1,1,2,0,3,20.2,1277.75,0
1335,0,0,0,0,43,1,0,2,1,1,1,1,1,1,2,1,0,19.65,779.25,0
3735,0,0,1,1,64,0,1,0,0,2,0,2,2,2,2,1,2,54.6,3423.5,0
51,0,0,1,1,39,1,2,1,0,0,0,2,2,2,0,1,1,99.95,3767.4,0
6408,1,0,1,1,62,1,0,0,2,2,2,2,2,2,2,0,2,86.1,5215.25,0
3039,0,0,0,0,1,1,0,0,0,0,0,0,2,0,0,1,1,55.0,55.0,1
6210,0,0,0,0,6,1,2,1,0,2,0,0,2,0,0,1,2,90.1,521.3,1
6469,1,0,1,1,43,1,2,1,0,0,2,2,2,2,1,1,1,104.3,4451.85,0
578,0,0,1,0,16,1,0,1,0,2,0,0,2,2,0,1,0,94.65,1461.15,0
6474,1,0,0,0,12,1,2,0,0,0,2,0,2,2,0,0,0,74.75,827.05,0
1312,1,0,1,1,72,1,2,0,2,2,2,2,2,2,2,1,1,90.6,6441.85,0
2779,0,1,0,0,23,1,0,1,2,0,0,0,0,0,0,1,0,75.4,1643.55,0
6039,1,0,0,0,1,1,0,2,1,1,1,1,1,1,2,0,3,20.45,20.45,0
4042,0,1,1,1,28,0,1,0,0,0,0,0,2,0,0,1,2,35.9,973.65,0
4211,0,0,1,1,15,1,2,1,0,2,2,0,2,2,0,1,0,105.35,1559.25,0
2158,1,0,0,0,1,0,1,0,0,0,0,0,0,2,0,1,2,35.45,35.45,1
5969,1,0,0,0,4,1,0,2,1,1,1,1,1,1,0,0,3,19.4,93.4,0
60,1,0,1,0,58,1,0,0,0,0,2,0,0,0,1,0,1,50.3,2878.55,0
2901,1,0,1,0,52,0,1,0,2,0,0,0,0,2,0,1,2,39.9,2020.9,0
2673,1,0,0,1,11,1,2,1,0,0,0,0,0,2,0,0,2,86.2,893.2,0
4342,0,0,1,0,16,1,2,1,0,0,0,0,2,0,0,1,2,84.95,1378.25,1
3298,0,0,1,0,22,1,0,1,0,0,0,0,0,0,0,1,2,69.25,1554.0,1
6068,0,0,0,0,5,1,2,0,0,0,0,0,0,0,0,1,3,50.6,249.95,1
7035,0,0,0,0,7,1,0,1,0,2,0,0,2,2,1,1,3,94.05,633.45,0
3020,1,0,1,1,68,1,2,0,0,2,2,2,0,2,1,1,0,75.8,5293.95,1
5698,1,1,1,0,71,1,2,1,2,2,2,2,2,2,2,1,0,115.05,8016.6,0
167,0,0,0,0,3,1,0,2,1,1,1,1,1,1,0,0,2,19.75,58.85,1
3657,1,0,1,1,8,1,0,1,0,0,2,0,2,2,0,1,2,94.75,759.55,0
3375,0,0,0,0,51,1,0,2,1,1,1,1,1,1,2,0,0,20.65,1020.75,0
6794,0,0,1,1,3,1,0,1,0,2,0,2,0,0,0,1,2,80.0,241.3,0
2860,1,1,1,0,30,1,2,0,0,0,2,0,2,2,2,0,2,74.85,2181.75,0
5237,1,0,0,0,2,1,0,1,2,2,0,0,2,2,0,0,2,100.2,198.5,0
3953,1,0,0,0,58,1,0,2,1,1,1,1,1,1,2,0,1,20.3,1131.5,0
3968,1,0,0,0,22,1,2,1,2,0,0,0,2,2,0,1,2,100.75,2095.0,1
4053,0,0,1,1,58,1,2,1,2,2,0,0,0,2,0,1,0,93.4,5435.6,1
2892,1,1,0,0,71,1,2,1,0,2,0,2,2,2,2,1,2,106.8,7623.2,0
296,0,0,0,0,67,1,2,0,2,0,2,2,2,2,2,1,3,85.25,5714.2,0
2659,0,0,1,0,24,1,0,2,1,1,1,1,1,1,1,0,3,20.15,456.85,0
1933,0,0,1,0,25,1,2,2,1,1,1,1,1,1,1,1,3,26.8,733.55,0
2776,1,0,1,1,57,1,0,0,2,2,0,2,0,0,1,0,3,59.6,3509.4,0
5386,1,0,1,0,42,1,2,1,0,0,2,2,2,2,0,1,0,106.15,4512.7,1
5695,0,1,1,0,56,1,2,1,0,0,0,2,0,0,0,1,0,76.85,4275.75,0
4796,1,0,0,0,44,0,1,0,2,0,2,0,2,2,1,1,2,54.0,2440.25,0
3495,0,0,0,0,22,1,2,2,1,1,1,1,1,1,2,0,3,26.25,605.9,0
4712,0,0,1,1,5,0,1,0,0,2,0,0,0,0,0,1,2,30.5,167.2,0
4680,0,0,0,0,6,1,0,0,0,0,0,0,0,2,0,1,2,55.0,340.4,0
5413,1,0,0,1,1,1,0,0,0,0,0,2,0,0,0,1,3,49.9,49.9,1
3390,1,0,0,0,18,0,1,0,0,0,0,0,0,0,0,0,3,25.15,476.8,0
4994,1,0,0,1,13,1,0,1,0,0,0,0,2,0,0,1,1,78.3,1033.95,0
6625,0,0,0,0,18,1,2,1,0,0,0,2,2,0,0,1,2,88.35,1639.3,1
1889,1,0,0,0,10,1,2,2,1,1,1,1,1,1,0,1,2,24.0,226.55,0
5672,1,0,1,0,42,1,2,0,2,0,0,0,0,0,1,0,1,56.1,2386.85,0
5747,0,0,1,0,62,1,2,1,2,2,2,2,2,2,2,0,3,113.95,6891.4,0
4131,0,0,0,0,18,1,0,0,0,0,2,0,0,0,0,1,3,50.0,892.7,0
5452,0,0,1,0,58,1,2,0,2,0,0,2,0,0,1,1,0,61.05,3478.75,0
304,0,0,1,0,48,0,1,0,2,0,2,0,0,2,0,1,0,45.3,2145.0,1
4535,0,0,0,1,1,1,0,1,2,0,0,0,0,0,0,1,3,73.6,73.6,1
2224,1,0,1,1,16,1,0,2,1,1,1,1,1,1,0,0,2,19.75,313.4,0
2381,0,0,1,1,44,1,2,1,0,2,2,0,0,2,1,0,2,94.4,4295.35,0
5490,1,0,1,1,2,1,0,0,0,0,0,0,0,0,0,1,2,44.5,90.05,0
3270,0,0,0,0,31,1,0,1,2,0,2,2,0,0,0,0,2,87.6,2724.25,0
3578,1,1,1,1,66,1,2,1,0,2,2,2,2,2,1,1,2,108.45,7076.35,0
1790,1,0,0,0,4,1,0,1,0,0,0,0,2,0,0,1,2,81.0,340.85,1
2,1,0,0,0,4,1,0,1,0,0,2,0,0,0,0,1,2,73.9,280.85,1
3573,1,0,1,1,25,1,0,0,0,2,2,0,0,0,1,0,3,53.65,1355.45,0
3177,1,1,1,0,49,1,2,1,0,2,0,0,0,2,0,0,1,90.05,4547.25,1
3162,1,0,1,0,12,1,0,1,0,2,0,0,0,2,0,1,1,85.05,999.8,0
6254,0,0,1,1,67,1,2,1,2,0,2,2,2,2,1,1,2,109.4,7281.6,0
6825,0,0,0,1,34,1,2,1,2,2,2,2,2,2,2,1,1,116.15,3946.9,0
4864,0,0,0,0,2,1,2,1,0,0,0,0,0,0,0,1,3,74.9,136.05,0
3826,0,0,0,0,1,0,1,0,0,0,0,0,2,0,0,1,2,35.75,35.75,1
5738,0,0,0,0,1,1,0,2,1,1,1,1,1,1,0,1,3,20.3,20.3,1
4306,1,0,1,1,22,1,0,2,1,1,1,1,1,1,1,0,0,20.25,488.25,0
6343,1,0,0,0,27,1,2,1,0,0,2,0,2,2,1,1,0,100.5,2673.45,0
1566,0,0,0,0,32,1,0,2,1,1,1,1,1,1,1,0,0,19.75,624.15,0
515,0,1,1,0,13,0,1,0,0,0,0,0,2,2,0,0,2,45.3,528.45,0
6995,1,0,1,0,22,1,0,1,2,2,0,2,2,2,0,1,2,104.6,2180.55,0
5812,1,0,0,0,12,1,0,0,0,0,0,2,0,0,0,0,0,50.25,593.75,1
2247,1,0,0,0,20,1,2,1,0,0,0,2,2,2,0,1,3,98.55,2031.95,0
5959,1,0,1,1,42,1,2,0,2,2,0,0,2,0,0,1,0,69.4,3058.3,0
3395,1,1,0,0,8,1,2,1,0,0,2,0,2,2,0,1,2,100.6,819.4,1
4668,1,0,0,1,27,1,0,0,2,2,0,0,0,0,1,0,3,56.2,1567.55,0
3004,1,0,0,0,9,1,2,1,2,0,0,0,0,0,0,1,2,81.15,784.45,0
4132,0,0,1,1,33,1,0,0,2,2,2,0,0,0,1,1,3,58.45,1955.4,0
4109,0,0,1,1,52,1,2,1,0,0,2,0,2,2,1,0,0,101.25,5301.1,0
6135,0,0,1,1,68,1,2,0,2,2,2,2,2,2,2,0,1,88.0,6161.9,0
6082,0,0,1,0,6,1,2,1,0,2,0,0,0,2,0,1,2,90.75,512.25,0
3753,1,1,0,0,11,1,0,1,0,0,0,0,0,2,0,1,2,78.5,874.2,0
1840,1,1,1,0,58,1,2,1,0,2,0,0,2,2,0,1,2,98.9,5780.7,0
1410,1,0,0,0,2,1,0,1,0,2,0,0,0,0,0,0,2,74.95,151.75,0
6121,1,0,0,0,72,1,2,1,2,2,2,2,2,2,2,0,0,113.4,8164.1,0
3365,0,0,1,1,48,1,2,1,2,2,0,0,2,2,1,1,1,103.25,5037.55,1
525,0,0,1,1,16,1,2,1,2,0,2,2,2,2,0,1,2,112.95,1882.55,0
4532,0,0,0,0,72,1,0,0,2,2,2,2,0,2,2,1,1,73.0,5265.2,0
4798,0,0,0,0,63,1,2,0,2,2,2,2,0,2,2,1,1,80.3,4995.35,0
3915,1,0,1,1,46,1,2,2,1,1,1,1,1,1,1,0,2,24.9,1174.8,0
741,1,1,0,1,11,1,0,0,0,2,0,2,0,0,0,1,2,54.55,601.25,0
449,0,0,1,1,6,1,0,2,1,1,1,1,1,1,1,0,1,19.0,105.5,0
1910,0,0,0,0,11,1,2,0,0,0,0,0,0,2,0,1,3,58.95,601.6,0
2392,1,0,0,0,2,1,2,1,0,2,0,0,0,0,0,1,2,79.45,145.15,0
2859,1,0,0,0,16,1,0,2,1,1,1,1,1,1,0,0,3,20.0,275.7,0
23,0,0,0,0,3,1,0,2,1,1,1,1,1,1,0,0,3,19.85,57.2,0
2588,1,1,0,0,16,1,2,1,0,0,0,0,0,0,0,1,0,74.45,1261.35,0
1369,1,1,0,0,24,1,2,1,0,2,2,0,2,2,0,1,1,102.95,2496.7,1
7031,1,0,0,1,64,1,0,1,0,2,0,2,2,2,0,1,1,99.15,6171.2,0
2396,1,1,1,0,58,1,2,1,2,2,2,0,2,2,1,1,2,108.85,6287.25,1
4384,0,0,0,1,12,1,2,1,2,0,0,0,0,0,0,1,2,78.3,909.25,1
6790,0,0,0,0,1,1,0,0,0,0,0,2,0,0,0,1,2,50.8,50.8,1
6909,1,0,0,0,1,1,0,1,0,0,0,0,0,0,0,1,2,69.9,69.9,1
5175,0,0,0,0,22,1,0,1,2,0,0,2,0,2,0,1,2,89.05,1886.25,0
5296,1,1,0,0,50,1,2,1,0,0,0,0,2,2,0,1,2,95.7,4816.7,1
4595,0,0,1,1,72,1,0,0,2,2,2,2,2,2,2,0,0,85.3,6129.2,0
5710,1,0,1,1,63,1,0,2,1,1,1,1,1,1,2,0,3,19.55,1245.6,0
4860,1,0,0,1,1,1,0,2,1,1,1,1,1,1,0,0,3,19.75,19.75,1
1104,0,0,0,0,1,1,0,0,0,0,0,0,0,0,0,0,2,45.15,45.15,1
1625,1,0,0,0,30,1,0,0,2,2,0,2,2,0,1,0,2,70.4,2044.75,0
5438,1,1,0,0,38,1,0,0,0,2,2,2,2,0,1,1,1,70.15,2497.35,1
622,1,0,1,1,55,1,2,1,0,0,0,0,0,2,0,0,0,85.5,4713.4,0
3577,1,0,1,1,67,1,0,0,2,2,0,0,0,0,2,1,0,54.2,3838.2,0
181,1,0,0,0,5,1,0,0,0,0,2,2,2,0,0,1,1,63.95,318.1,0
2909,1,0,1,1,31,0,1,0,2,0,0,2,0,0,0,0,0,35.4,1077.5,1
5415,0,0,1,0,37,1,2,1,0,0,2,0,0,0,0,1,1,78.95,2839.65,1
848,1,0,0,0,21,1,2,1,0,0,0,0,0,0,0,0,3,75.3,1570.7,0
2097,0,0,0,1,2,1,2,1,0,0,0,0,2,2,0,1,0,94.2,193.8,1
377,1,0,1,1,71,1,2,2,1,1,1,1,1,1,2,0,1,23.9,1626.4,0
139,1,0,0,0,1,1,0,1,0,0,0,2,0,0,0,1,2,75.9,75.9,1
5832,1,0,0,0,22,0,1,0,0,2,2,0,0,2,1,1,0,43.75,903.6,1
3640,0,0,0,0,21,1,0,1,0,2,2,2,2,2,1,1,3,104.55,2239.4,0
327,1,0,1,0,55,1,2,1,2,2,0,0,2,0,0,1,2,96.75,5238.9,1
2655,1,0,0,0,20,1,2,1,0,0,2,0,2,0,0,1,1,90.7,1781.35,0
667,0,0,1,0,26,1,2,0,2,2,2,2,2,2,1,1,1,90.1,2312.55,0
4962,0,0,1,0,26,1,2,1,0,2,0,0,0,0,0,0,0,79.3,2015.8,0
3038,0,0,1,0,53,1,2,1,0,2,2,2,2,2,1,1,0,108.95,5718.2,0
3629,0,0,0,1,9,1,0,1,2,0,2,2,0,2,0,0,0,93.0,870.25,0
1939,1,0,0,1,1,1,0,2,1,1,1,1,1,1,0,0,3,20.05,20.05,0
4431,1,0,1,1,61,1,0,2,1,1,1,1,1,1,1,0,3,20.4,1226.45,0
3950,0,1,0,0,1,1,0,1,0,0,2,0,0,0,0,1,0,75.3,75.3,1
2698,1,0,1,0,66,1,2,1,0,2,2,0,2,2,0,1,1,105.0,7133.25,1
6159,1,0,0,0,27,1,0,1,0,0,0,0,0,0,0,1,3,69.05,1793.25,0
4344,1,1,1,0,41,0,1,0,0,2,2,0,2,2,0,1,2,53.95,2215.4,0
6244,1,0,1,1,3,1,0,0,0,2,2,0,0,0,0,1,3,56.15,168.15,1
1391,0,1,1,0,72,1,2,1,2,2,2,2,0,0,2,1,0,96.6,6827.5,0
6238,1,0,1,0,68,0,1,0,2,0,2,0,2,2,2,1,0,54.1,3794.5,0
3448,0,1,0,0,8,1,0,1,0,2,0,0,2,0,0,1,2,87.1,713.6,0
4295,0,1,1,0,69,1,2,1,0,2,0,2,2,2,2,0,1,105.4,6998.95,0
1804,0,1,0,0,1,1,0,1,0,0,0,0,0,0,0,1,2,69.6,69.6,1
6247,0,0,0,0,63,1,0,2,1,1,1,1,1,1,2,1,3,20.6,1298.7,0
648,0,0,0,0,7,1,0,1,0,0,0,0,2,0,0,1,3,80.3,526.7,1
1612,1,0,1,0,42,1,2,1,2,0,2,0,0,2,0,1,2,94.4,4014.6,0
2947,0,0,0,0,12,0,1,0,2,0,0,2,0,0,1,1,3,33.6,435.45,0
6919,1,0,1,0,35,1,2,1,0,0,0,0,0,0,0,1,2,75.2,2576.2,1
3439,0,0,1,1,55,1,2,0,2,2,0,2,0,2,1,1,0,75.75,4264.25,0
4164,1,0,1,1,58,1,2,1,0,0,2,2,0,2,2,0,0,94.35,5563.65,0
1270,0,0,0,0,11,1,0,0,2,0,0,2,0,0,1,1,3,54.6,617.85,0
3641,1,1,0,0,3,1,2,1,0,0,0,0,2,2,0,1,2,94.85,335.75,0
2688,1,0,0,0,7,1,2,1,0,2,0,0,2,2,0,1,2,99.8,673.25,1
4986,1,0,1,0,25,1,0,1,0,0,0,2,2,2,0,1,1,95.7,2338.35,0
1245,0,0,1,1,13,1,0,2,1,1,1,1,1,1,2,0,3,20.85,272.35,0
6391,0,0,1,1,64,1,0,0,2,0,0,2,2,0,1,0,3,65.8,4068.0,0
2273,1,0,0,0,4,1,2,1,0,2,0,0,0,0,0,0,2,78.45,330.05,1
1762,1,0,1,1,35,1,2,0,0,0,0,2,2,2,1,1,0,73.45,2661.1,0
1744,1,0,1,1,42,1,0,0,2,0,0,2,0,2,1,0,1,63.7,2763.35,0
5906,1,0,0,0,9,0,1,0,2,0,2,2,0,2,1,0,3,50.8,463.6,0
1501,1,0,1,1,52,1,2,2,1,1,1,1,1,1,2,0,3,24.55,1331.05,0
3261,1,0,0,0,1,1,0,2,1,1,1,1,1,1,0,1,3,20.05,20.05,0
2077,1,0,1,1,72,1,2,1,2,2,2,2,0,2,2,1,1,104.9,7732.65,0
766,1,0,0,1,54,1,2,0,0,2,0,0,0,0,0,1,1,55.0,3092.65,1
258,1,0,0,0,40,0,1,0,2,2,2,0,2,2,1,0,1,62.05,2511.55,0
71,1,0,1,0,21,1,2,1,0,2,2,2,2,2,0,1,2,111.2,2317.1,1
2916,1,1,1,0,13,1,0,1,0,2,0,2,0,2,0,1,0,89.05,1169.35,1
851,1,0,0,0,58,1,0,2,1,1,1,1,1,1,2,1,0,19.15,1035.5,0
1440,0,1,0,0,7,1,0,1,0,0,2,0,2,0,0,1,2,84.35,609.65,0
2493,0,0,0,0,24,1,2,1,2,0,0,2,0,0,0,1,2,84.35,1938.05,0
235,1,0,0,0,32,1,2,1,2,2,0,2,2,2,0,1,1,108.15,3432.9,1
1557,0,0,1,0,44,1,2,1,2,2,2,2,0,0,0,1,1,95.1,4060.55,0
1507,0,0,1,1,68,1,2,0,0,2,2,2,2,2,2,0,0,85.3,5560.0,0
5422,0,0,0,1,8,0,1,0,2,0,0,0,0,2,0,1,2,38.5,330.8,0
1803,1,1,1,0,53,1,2,0,2,0,0,2,0,0,1,1,2,60.05,3229.65,1
67,1,0,1,0,49,1,2,0,2,0,2,2,2,2,1,0,2,84.35,4059.35,1
2140,0,0,1,1,23,1,0,2,1,1,1,1,1,1,2,0,0,20.4,478.75,0
204,0,0,0,0,53,1,0,1,2,2,2,2,0,2,2,0,3,99.5,5424.25,0
3965,0,0,1,1,58,1,0,1,2,2,0,0,2,2,1,0,1,99.25,5846.65,0
6116,0,0,0,0,3,1,0,0,0,0,0,0,0,0,0,0,3,44.75,148.05,0
2168,0,0,0,0,2,1,0,0,0,2,0,0,0,0,0,1,1,49.05,91.1,1
3822,1,0,1,1,69,1,2,1,2,2,2,2,2,2,2,1,0,114.35,7665.8,0
2075,1,0,0,0,4,1,0,1,0,0,2,0,0,0,0,1,0,74.8,321.9,1
5730,0,1,0,0,71,1,2,1,2,2,0,2,2,0,1,1,1,99.65,7181.25,0
5114,0,0,0,0,38,1,0,2,1,1,1,1,1,1,1,0,3,19.3,755.5,0
5684,0,0,1,1,35,1,0,2,1,1,1,1,1,1,1,0,3,19.65,708.8,0
6882,0,1,0,0,65,1,2,1,0,2,2,0,2,0,0,1,0,95.45,6223.3,0
2823,1,0,0,0,1,1,0,2,1,1,1,1,1,1,0,0,3,20.8,20.8,0
2953,1,0,0,0,1,1,0,2,1,1,1,1,1,1,0,0,3,20.25,20.25,1
2309,1,1,1,0,59,0,1,0,2,0,2,2,2,2,2,1,1,64.05,3886.85,0
5846,1,0,1,0,35,1,0,0,2,2,2,0,0,0,0,0,3,61.0,2130.45,0
4378,1,1,1,0,67,1,2,1,0,0,0,0,2,2,0,1,1,94.65,6079.0,0
422,0,0,1,0,63,1,2,1,0,2,0,0,0,0,0,1,0,81.55,5029.05,0
6875,1,0,0,0,38,1,0,1,0,0,0,0,0,0,0,1,1,69.5,2625.25,0
469,0,1,0,0,2,1,0,1,0,0,0,0,0,0,0,0,2,70.75,154.85,1
6454,1,0,0,0,1,0,1,0,0,0,0,0,0,0,0,1,3,24.45,24.45,1
1980,0,1,0,0,4,1,2,1,0,0,2,0,2,0,0,1,2,89.2,346.2,1
4729,0,0,0,0,1,0,1,0,0,0,0,2,0,0,0,0,3,30.55,30.55,0
2174,1,1,1,0,72,1,2,0,2,2,2,0,2,2,2,0,1,84.45,5899.85,0
1558,0,0,1,1,62,1,2,1,0,2,2,2,2,2,1,1,2,110.8,6840.95,0
5253,0,0,1,0,18,1,0,1,2,0,0,0,0,0,0,0,2,74.8,1438.05,0
4325,1,0,0,1,6,1,0,1,0,0,2,0,2,2,0,0,3,94.5,575.45,1
6093,1,0,1,0,51,1,2,0,0,0,0,2,2,2,2,1,0,75.2,3901.25,0
2462,1,1,0,0,26,1,0,2,1,1,1,1,1,1,1,0,1,19.3,504.2,0
4758,1,0,1,1,16,1,0,2,1,1,1,1,1,1,2,0,3,20.5,290.55,0
2993,1,0,1,0,40,1,2,1,0,2,0,0,2,2,0,1,2,101.3,4113.1,1
4029,1,0,1,1,43,1,2,1,2,0,2,2,0,0,1,1,1,91.25,4013.8,0
226,0,0,1,0,58,1,2,1,0,0,2,2,2,2,0,1,1,102.1,5885.4,1
1585,1,0,0,0,10,0,1,0,0,0,0,0,0,2,0,1,3,33.9,298.45,1
4970,1,0,1,1,60,1,2,1,2,0,2,2,2,2,2,1,2,110.6,6586.85,0
4076,1,1,1,0,61,1,2,0,0,2,0,0,0,2,1,0,0,64.05,3902.6,0
3585,0,0,0,0,1,1,0,0,0,0,0,0,0,0,0,1,2,45.3,45.3,1
2502,0,0,1,1,61,1,2,2,1,1,1,1,1,1,2,1,3,24.2,1445.2,0
4835,1,1,0,0,51,1,2,2,1,1,1,1,1,1,1,0,0,25.0,1260.7,0
6662,0,0,1,0,71,1,0,0,0,2,2,2,2,2,2,1,1,80.7,5705.05,0
1133,1,0,0,0,48,1,2,0,2,0,0,2,0,2,1,1,0,70.95,3629.2,0
6414,1,0,0,0,58,1,0,2,1,1,1,1,1,1,2,0,3,20.8,1212.25,0
382,1,0,0,0,63,1,2,1,2,2,2,2,2,0,1,0,1,104.5,6590.8,0
6692,1,0,0,0,13,1,0,1,0,0,0,0,0,0,0,1,2,70.15,931.75,0
6192,0,0,0,0,68,0,1,0,0,2,0,2,0,2,0,0,2,44.95,3085.35,0
3309,1,0,0,1,45,1,2,1,0,0,2,0,2,2,2,0,0,99.7,4634.35,0
4699,0,0,0,0,6,0,1,0,2,0,0,0,0,0,0,0,0,29.45,161.45,0
812,1,0,1,0,10,1,0,1,0,0,0,0,2,0,0,1,2,79.95,857.2,1
253,1,0,1,0,58,1,0,0,2,2,2,0,0,0,1,0,1,60.3,3563.8,1
4329,0,0,1,1,4,1,2,1,0,2,0,0,2,2,0,1,2,97.95,384.5,1
4561,1,0,0,0,19,1,2,0,0,0,0,0,2,2,0,0,3,69.6,1394.55,0
4015,1,0,0,0,62,1,0,2,1,1,1,1,1,1,2,0,0,19.85,1253.65,0
4748,0,0,0,0,1,1,0,0,0,2,0,0,0,0,0,0,2,50.55,50.55,1
5187,0,0,0,0,51,1,0,2,1,1,1,1,1,1,1,1,0,19.85,996.95,0
7,1,0,1,0,63,1,2,1,2,0,0,2,0,0,2,1,1,84.65,5377.8,0
1130,0,1,0,0,6,1,0,1,2,0,0,0,0,0,0,1,2,74.1,450.9,0
10,1,0,0,0,54,0,1,0,2,0,0,2,2,0,2,0,1,45.2,2460.55,0
5845,0,0,0,0,21,1,0,0,2,0,2,2,0,0,1,1,2,60.25,1258.35,0
6482,0,0,0,1,50,1,0,1,0,0,0,0,0,0,2,0,1,70.35,3533.6,0
5474,1,0,0,0,11,1,0,2,1,1,1,1,1,1,0,1,1,20.45,237.3,0
4717,1,1,1,0,53,1,2,1,0,2,2,0,2,2,0,1,2,103.85,5485.5,1
514,1,0,1,0,70,1,0,1,2,2,2,2,2,2,1,1,0,109.5,7534.65,1
1274,0,0,0,0,22,1,0,1,0,0,0,0,2,2,0,0,2,89.25,1907.85,1
997,0,0,1,1,58,1,2,1,0,2,2,0,2,2,1,1,1,105.2,6225.4,0
6501,0,0,0,0,1,1,0,1,0,0,2,0,2,2,0,0,2,94.4,94.4,1
383,0,0,0,0,7,1,0,0,2,2,2,0,0,0,0,0,2,61.4,438.9,0
519,1,0,0,0,2,1,0,1,0,0,2,0,2,2,0,1,2,95.85,197.7,1
2290,0,0,0,0,68,1,0,2,1,1,1,1,1,1,2,0,1,19.6,1441.65,0
845,0,0,0,0,2,1,0,0,0,2,0,0,0,0,0,1,3,49.6,114.7,1
4415,1,0,1,0,69,1,2,1,0,0,2,0,2,2,1,0,0,99.5,6841.45,0
1013,1,1,1,0,8,1,0,0,0,0,2,2,0,2,0,1,1,64.4,581.7,0
6694,1,0,0,0,54,1,0,2,1,1,1,1,1,1,2,0,3,20.0,1149.65,0
4876,0,0,0,0,2,1,0,2,1,1,1,1,1,1,1,0,3,20.45,34.8,0
531,1,1,0,0,9,1,2,1,0,0,2,0,2,2,0,1,2,100.5,918.6,1
1161,0,0,0,0,63,1,2,2,1,1,1,1,1,1,2,0,3,24.2,1618.2,0
6877,0,0,0,0,53,1,2,1,2,2,2,0,2,0,1,0,3,98.6,5311.85,0
500,1,0,0,0,30,1,2,1,2,2,0,0,0,2,0,1,1,94.3,2679.7,0
5329,1,0,0,0,3,1,0,2,1,1,1,1,1,1,0,1,3,19.65,68.35,0
6529,1,0,0,1,3,1,0,0,0,0,0,0,2,0,0,1,1,54.7,169.45,1
3644,1,0,1,1,68,1,2,1,2,2,2,0,2,2,2,1,2,110.2,7467.5,0
5826,1,0,1,0,71,1,2,0,2,0,2,2,2,2,2,0,2,83.2,6126.1,0
3761,0,0,1,0,63,1,0,1,2,0,2,0,0,0,1,1,1,81.15,5224.5,0
1094,0,0,1,0,71,1,0,2,1,1,1,1,1,1,2,0,1,19.85,1379.6,0
3399,0,0,0,0,61,0,1,0,2,2,2,2,0,0,1,0,1,43.7,2696.55,0
3031,0,0,0,0,62,1,2,2,1,1,1,1,1,1,2,1,1,25.8,1563.95,0
1401,0,0,1,0,41,0,1,0,0,2,0,2,0,0,1,0,3,35.45,1391.65,0
2170,0,0,1,1,4,1,0,2,1,1,1,1,1,1,0,1,2,19.95,82.9,0
1595,1,0,1,0,67,1,0,1,2,2,2,2,2,2,2,1,2,111.05,7321.05,0
2704,0,0,1,1,16,0,1,0,0,0,0,0,0,2,0,1,1,35.5,552.7,0
4116,0,0,1,0,57,1,0,2,1,1,1,1,1,1,2,0,0,19.9,1115.6,0
493,1,0,0,0,44,1,2,0,0,2,2,2,2,2,1,1,0,85.25,3704.15,0
4205,1,0,1,1,48,1,2,2,1,1,1,1,1,1,2,0,0,26.3,1245.05,0
791,1,0,0,0,38,1,0,0,2,2,0,2,2,0,1,0,3,70.6,2708.2,0
4136,0,0,1,1,33,1,2,1,0,2,2,2,0,0,0,0,1,88.6,2888.7,0
2580,0,0,0,0,16,1,2,0,0,0,0,0,0,2,0,1,0,63.05,1067.05,0
3809,1,0,0,0,1,1,0,2,1,1,1,1,1,1,0,1,3,20.2,20.2,1
6086,1,0,1,0,24,1,2,1,0,2,2,0,2,2,0,1,2,104.65,2542.45,1
6926,0,1,0,0,41,1,0,1,0,0,2,2,2,2,1,1,0,101.1,4016.2,0
1749,0,0,1,1,57,1,0,0,2,2,0,0,0,0,1,0,2,53.45,3053.0,0
3099,0,0,0,0,42,1,2,0,2,2,0,0,0,0,1,1,0,60.15,2421.6,0
3814,1,0,1,0,51,1,2,1,0,0,0,0,2,2,0,1,2,94.65,4812.75,1
6682,0,0,0,0,8,1,0,2,1,1,1,1,1,1,1,1,3,19.2,161.95,0
3190,0,0,0,0,9,1,0,0,0,0,0,0,0,0,0,1,2,43.75,405.7,0
148,1,0,1,1,1,1,0,2,1,1,1,1,1,1,0,0,3,19.7,19.7,0
3698,1,0,0,0,19,0,1,0,0,0,2,0,2,0,0,1,2,39.65,733.35,1
3361,1,0,0,0,26,1,0,2,1,1,1,1,1,1,1,0,1,19.8,457.3,0
1097,0,0,0,0,2,1,0,0,0,0,2,2,2,2,0,0,2,76.4,160.8,1
2706,1,0,1,1,71,1,2,0,2,0,0,0,2,0,1,1,2,66.2,4692.55,0
3974,0,1,0,0,14,1,2,1,0,0,2,0,0,0,0,1,0,80.35,1058.1,0
5074,0,0,1,1,60,0,1,0,2,0,2,2,2,2,2,0,1,59.85,3590.2,0
6884,1,0,1,0,31,1,2,1,0,0,2,0,2,0,0,0,1,88.65,2683.2,0
3547,1,0,0,0,6,1,0,0,0,0,0,0,0,0,0,0,2,44.75,270.95,1
3630,0,1,0,0,10,0,1,0,0,0,0,2,0,0,0,1,2,29.65,291.4,1
5934,1,1,1,0,4,1,2,1,0,0,0,0,0,0,0,1,3,74.4,306.6,1
1444,0,0,0,1,34,1,0,1,2,2,2,0,2,2,0,1,0,105.35,3688.6,0
1414,1,0,0,0,1,1,0,0,0,0,0,0,0,0,0,1,2,45.6,45.6,1
1794,0,0,0,0,1,1,0,1,0,0,0,0,0,0,0,1,3,70.15,70.15,1
1096,0,0,0,0,11,1,0,0,0,2,0,0,0,0,0,0,2,51.1,531.15,0
2236,0,0,0,0,25,1,2,1,0,0,0,0,2,0,0,1,3,84.6,2088.05,0
2844,0,0,0,0,7,1,2,1,0,2,0,0,0,0,0,1,0,78.55,522.95,0
652,0,0,0,0,54,1,0,1,0,0,2,0,2,2,1,1,1,94.1,5060.9,0
561,0,0,1,0,71,1,0,2,1,1,1,1,1,1,2,0,1,19.1,1372.45,0
3511,1,0,1,1,56,1,2,2,1,1,1,1,1,1,2,0,0,24.15,1402.25,0
2269,0,0,0,0,1,1,0,1,0,0,0,0,0,0,0,1,2,70.25,70.25,1
3173,0,0,0,0,52,1,0,0,2,0,2,2,0,0,1,0,1,57.95,3042.25,0
1936,0,1,1,1,23,1,0,1,0,2,2,0,0,2,0,1,0,88.45,2130.55,0
4389,1,1,0,0,1,1,0,0,0,0,0,0,0,0,0,0,2,46.3,46.3,0
4482,1,0,0,0,8,1,2,1,0,2,0,0,2,2,0,0,2,100.85,819.55,1
4992,0,0,1,0,2,1,0,2,1,1,1,1,1,1,0,0,0,20.1,43.15,0
1076,1,1,1,0,70,1,2,0,2,2,2,2,2,2,2,0,1,90.05,6333.4,0
3355,1,1,0,0,5,1,0,2,1,1,1,1,1,1,0,0,0,20.05,94.15,0
1192,1,0,1,1,2,1,0,2,1,1,1,1,1,1,0,0,3,20.3,40.25,0
2355,1,0,1,1,1,1,0,2,1,1,1,1,1,1,0,0,3,19.2,19.2,0
5267,1,1,0,0,64,1,2,1,2,2,0,0,2,2,0,1,0,103.5,6548.65,0
1971,1,0,0,1,1,1,0,0,0,0,0,2,0,2,0,1,3,59.55,59.55,0
6279,1,1,0,0,20,1,0,0,2,0,0,2,0,0,1,0,3,54.0,1055.9,0
1037,1,0,1,1,59,1,0,0,2,2,2,2,2,2,2,1,2,86.75,5186.0,0
24,0,0,1,1,4,1,0,2,1,1,1,1,1,1,0,0,3,20.35,76.35,1
626,1,0,0,0,22,1,2,1,0,0,0,0,0,2,0,0,2,83.05,1799.3,0
5724,1,0,0,0,64,1,2,0,0,2,2,2,2,2,2,0,1,86.55,5632.55,0
5837,0,0,1,0,22,1,0,1,0,0,0,0,2,0,0,1,1,80.0,1706.45,0
3150,0,1,0,0,13,1,0,0,0,2,2,0,0,0,0,1,2,54.8,731.3,0
2919,1,0,0,0,51,1,0,2,1,1,1,1,1,1,1,0,2,19.1,1007.8,0
1340,0,1,1,0,48,1,0,1,0,0,0,0,0,0,0,1,0,70.65,3545.05,0
6822,0,0,1,0,55,1,2,0,2,2,2,2,2,2,1,1,2,90.15,4916.95,0
5621,1,1,0,0,51,1,0,1,0,0,2,0,2,2,1,1,0,94.0,4905.75,0
2197,0,1,1,1,72,1,2,0,2,2,2,2,2,2,2,1,1,88.05,6425.65,0
4032,1,0,0,0,17,1,2,1,0,0,2,2,0,0,1,0,2,86.75,1410.25,0
5123,0,0,1,1,65,1,2,1,0,2,2,0,2,2,0,1,2,105.5,6985.65,1
3094,1,1,1,0,46,1,2,1,0,0,2,0,2,2,0,1,2,101.0,4680.05,1
3623,0,0,1,1,63,1,0,0,2,0,0,0,0,0,2,1,0,50.65,3221.25,0
593,0,0,0,0,2,1,0,2,1,1,1,1,1,1,0,1,3,20.05,39.25,0
3549,1,0,0,0,2,1,0,1,0,0,0,0,0,0,0,0,1,70.7,140.7,1
1039,0,0,0,0,58,1,0,1,2,2,2,0,2,2,1,1,2,106.45,6145.85,1
6305,1,1,1,0,44,0,1,0,0,2,0,0,0,0,0,1,2,30.35,1359.7,1
2080,0,0,0,0,70,1,2,0,2,2,2,0,2,2,2,0,3,84.7,5991.05,0
170,1,0,1,1,7,0,1,0,2,2,2,0,2,2,0,0,3,58.85,465.7,0
5404,1,0,1,1,49,0,1,0,0,2,0,0,2,2,1,1,0,51.8,2541.25,1
6689,1,0,0,0,20,1,2,0,2,0,0,2,0,0,0,0,0,59.2,1191.2,0
6167,1,0,1,0,14,1,0,0,0,0,2,0,0,0,0,0,1,50.2,668.85,0
1077,1,0,1,1,68,1,2,0,2,2,2,2,2,2,2,1,1,92.2,6392.85,0
3462,0,1,0,0,49,1,0,1,0,2,2,0,0,2,1,1,0,89.85,4287.2,0
1471,0,1,0,0,71,1,2,0,2,2,2,2,2,2,2,0,3,89.85,6293.45,0
1140,0,0,1,1,70,1,2,1,2,2,2,0,2,2,1,1,1,108.15,7930.55,0
135,1,0,0,0,19,1,2,0,0,0,2,2,0,0,0,0,2,59.55,1144.6,0
524,1,0,0,0,66,1,2,0,2,2,2,0,0,2,2,1,1,74.6,4798.4,0
1604,1,0,0,0,18,1,0,2,1,1,1,1,1,1,2,0,1,20.05,388.6,0
4600,1,0,1,1,8,1,0,0,2,0,0,0,0,0,0,1,1,51.3,411.6,0
1380,1,0,1,1,72,1,2,1,2,2,2,2,2,2,2,0,0,114.45,8100.55,0
2109,0,0,1,0,64,1,2,2,1,1,1,1,1,1,2,0,1,25.0,1584.8,0
2256,1,0,0,0,26,1,2,1,0,0,0,0,0,2,0,1,2,83.95,2254.2,1
6097,1,0,0,0,69,1,2,1,0,2,0,2,2,2,1,1,0,104.7,7220.35,1
3007,0,0,1,0,68,1,2,1,2,2,2,2,2,2,2,0,0,114.9,7843.55,0
6255,0,0,1,0,25,1,0,0,2,2,0,2,0,2,0,1,3,71.05,1837.7,0
4499,1,0,0,0,34,0,1,0,0,0,0,0,0,0,0,1,0,25.05,852.7,0
5405,0,0,1,0,2,0,1,0,0,0,0,0,2,2,0,0,2,44.6,97.1,1
4189,1,1,0,0,32,1,0,2,1,1,1,1,1,1,1,0,1,19.8,587.7,0
2467,0,0,0,0,7,1,0,2,1,1,1,1,1,1,0,0,3,20.65,155.9,0
1346,0,0,0,0,1,1,0,2,1,1,1,1,1,1,0,0,3,20.5,20.5,1
2368,0,0,0,0,25,1,2,1,0,2,0,0,2,2,0,1,2,100.25,2387.75,1
4590,1,0,1,1,12,1,0,2,1,1,1,1,1,1,0,0,3,20.5,255.5,0
4028,0,0,0,0,68,1,0,0,2,2,2,2,2,2,2,1,1,82.45,5646.6,0
490,0,0,0,0,7,1,0,1,0,0,2,2,2,2,0,1,2,100.4,715.0,0
5500,1,0,1,1,8,1,0,0,0,0,2,0,0,0,0,1,2,51.05,415.05,1
563,0,0,0,0,15,1,0,2,1,1,1,1,1,1,1,0,1,20.1,302.45,0
4731,0,1,0,0,42,1,2,1,0,2,2,0,2,2,0,1,0,104.75,4323.45,1
1739,1,0,1,1,56,1,2,1,0,0,2,2,2,2,2,1,2,103.2,5873.75,0
3167,1,0,1,1,8,1,0,0,0,0,0,0,0,0,1,1,3,43.45,345.5,0
5750,0,1,0,0,71,1,2,1,0,0,2,0,2,2,2,0,0,104.05,7413.55,0
4701,1,0,0,0,67,1,0,0,2,0,2,0,0,2,2,0,0,65.55,4361.55,0
2285,0,0,1,1,71,1,2,2,1,1,1,1,1,1,2,0,0,25.45,1813.35,0
2361,1,0,1,0,47,1,2,1,0,2,2,0,2,2,0,1,2,104.1,5135.15,0
2841,0,0,1,1,18,1,0,2,1,1,1,1,1,1,0,1,3,20.25,401.95,0
3011,0,0,0,1,26,0,1,0,0,0,2,0,0,0,0,1,3,29.8,786.5,0
389,1,1,1,0,27,1,2,1,0,2,2,0,0,2,0,1,2,95.55,2510.2,1
339,0,0,1,0,70,1,0,2,1,1,1,1,1,1,2,0,0,19.8,1397.65,0
115,0,0,0,0,70,1,2,1,2,2,2,2,2,2,1,0,1,115.55,8127.6,1
1475,1,0,1,1,68,1,0,2,1,1,1,1,1,1,2,1,0,19.95,1303.25,0
2201,1,0,1,0,60,1,0,2,1,1,1,1,1,1,2,1,0,20.5,1198.8,0
4188,0,0,1,1,37,1,0,2,1,1,1,1,1,1,0,0,2,19.35,683.75,0
365,0,0,1,0,72,1,2,1,2,2,2,0,2,2,2,1,2,109.55,8165.1,0
1265,1,0,1,1,11,1,2,1,0,0,0,0,0,0,0,1,2,74.35,834.2,1
6916,1,1,1,0,37,1,0,1,0,0,0,0,0,0,0,1,0,72.25,2575.45,0
1342,0,1,1,0,70,1,2,0,2,2,2,2,2,2,2,1,0,92.2,6474.45,0
6735,0,0,0,1,4,1,2,1,0,2,0,0,2,0,0,0,3,89.6,365.65,1
2365,0,1,0,0,8,1,2,1,0,2,2,0,2,2,0,1,2,105.5,829.55,1
1773,1,0,0,0,13,1,0,2,1,1,1,1,1,1,1,0,1,19.3,259.65,0
6506,0,0,1,1,65,1,2,0,2,2,0,2,2,2,2,1,0,82.5,5215.1,0
6893,1,0,0,0,7,1,0,2,1,1,1,1,1,1,0,1,3,19.95,147.5,0
2662,0,0,1,1,8,1,0,0,0,0,0,2,2,2,0,1,2,68.55,564.35,0
6340,1,1,0,0,64,1,2,1,0,0,2,2,2,2,1,0,2,102.1,6688.1,0
3883,1,0,1,1,69,1,0,0,2,2,0,2,2,2,2,0,0,80.65,5542.55,0
4739,0,0,0,0,3,1,2,1,0,0,0,0,0,0,0,0,0,74.4,215.8,1
4126,1,0,0,0,3,1,2,1,0,0,0,0,0,0,0,1,2,76.95,228.4,1
1908,1,1,1,0,24,0,1,0,2,0,0,0,0,2,0,0,0,39.1,971.3,1
1406,0,0,1,0,68,1,2,0,2,2,2,2,0,0,2,0,1,70.9,4911.35,0
95,0,0,0,0,72,1,2,1,2,2,2,2,2,2,2,1,2,114.9,8496.7,0
959,0,0,0,0,1,1,0,1,0,0,0,2,2,2,0,1,2,95.85,95.85,0
3658,0,0,1,1,49,0,1,0,2,0,0,2,0,0,1,1,1,35.8,1782.0,0
670,1,0,1,1,69,1,2,1,0,0,2,0,2,2,0,1,1,99.45,7007.6,1
6615,0,0,1,1,1,1,0,1,0,2,0,0,0,0,0,1,2,74.7,74.7,1
6451,1,0,0,0,51,1,0,1,2,0,0,0,2,0,1,0,3,86.35,4267.15,0
1120,1,1,1,0,71,1,2,2,1,1,1,1,1,1,2,0,1,25.45,1789.65,0
3359,1,0,1,0,59,1,2,1,0,0,2,0,2,2,1,1,0,99.5,5961.1,1
1691,0,0,1,1,20,1,0,2,1,1,1,1,1,1,1,0,0,19.7,395.6,0
3736,0,0,1,1,26,1,0,2,1,1,1,1,1,1,0,1,1,20.25,493.95,0
3656,0,0,1,0,72,1,2,1,0,2,2,2,2,2,1,1,0,108.5,8003.8,0
1093,1,0,0,0,51,1,2,1,0,0,2,0,0,0,0,0,1,80.0,4242.35,1
5088,1,0,0,0,37,1,0,1,0,0,0,0,0,0,0,1,3,70.35,2552.9,0
1283,1,1,0,0,10,1,0,1,0,2,0,0,0,0,0,1,2,72.85,688.65,1
6302,1,0,1,1,72,1,2,1,2,2,0,2,2,2,2,1,1,107.7,7919.8,0
4424,0,1,0,0,5,0,1,0,0,2,0,0,0,0,0,0,2,28.45,131.05,1
6888,0,0,1,1,49,1,0,0,2,0,2,2,0,0,0,0,0,61.75,3024.15,0
5673,0,0,1,1,13,1,2,2,1,1,1,1,1,1,2,1,0,25.0,332.5,0
6739,1,0,1,0,71,1,2,1,0,0,2,0,2,2,1,1,1,98.65,6962.85,0
3415,0,0,0,0,47,0,1,0,2,0,2,2,0,0,2,0,3,41.9,1875.25,0
3832,0,1,1,0,8,1,2,1,0,0,0,0,0,2,0,1,2,84.0,613.4,1
6679,1,0,1,1,45,1,2,1,0,2,2,0,0,2,0,1,0,95.95,4456.65,0
4364,1,0,1,0,9,0,1,0,0,0,0,0,0,0,1,0,0,24.1,259.8,1
4045,0,0,1,0,26,0,1,0,2,0,2,0,0,0,1,0,1,35.4,978.6,0
1194,1,0,0,1,25,1,0,2,1,1,1,1,1,1,0,0,3,20.8,460.2,0
5533,0,1,1,0,42,1,2,1,2,0,2,0,2,2,1,1,0,105.2,4599.15,0
476,0,0,0,0,40,1,2,1,0,0,2,2,2,2,1,1,1,105.95,4335.2,0
3297,1,0,0,0,21,1,0,2,1,1,1,1,1,1,2,0,3,19.6,390.4,0
1926,0,0,0,0,3,1,0,1,0,0,2,0,0,0,0,1,3,74.75,238.1,0
3972,0,0,0,0,1,1,0,1,0,0,2,0,2,0,0,1,2,85.45,85.45,1
2711,0,0,0,0,4,1,0,0,0,0,0,0,0,0,0,0,3,45.65,191.05,1
4019,1,0,0,0,65,1,2,2,1,1,1,1,1,1,2,1,0,25.1,1725.0,0
3962,1,0,0,0,34,1,0,0,2,0,2,0,0,0,1,0,3,56.95,1889.5,0
595,1,0,1,0,59,1,2,0,2,0,0,2,0,2,1,1,3,69.1,4096.9,0
4883,1,0,1,0,1,1,0,1,0,0,0,2,2,0,0,1,2,84.8,84.8,1
6403,0,0,0,0,70,1,2,2,1,1,1,1,1,1,1,0,1,26.05,1856.4,0
4965,0,1,0,0,54,1,2,1,0,2,0,0,0,0,0,1,2,79.5,4370.25,1
5366,1,1,0,0,3,1,2,1,0,0,0,0,0,0,0,1,2,76.05,231.8,1
228,0,1,1,1,31,1,0,1,0,0,2,2,2,2,0,1,2,98.9,2911.3,1
4742,0,0,1,1,43,0,1,0,2,2,0,2,2,0,1,1,0,51.25,2151.6,0
951,1,0,0,1,15,1,2,1,0,2,0,0,2,0,0,1,2,91.0,1430.05,0
5383,0,0,0,0,12,1,0,1,2,0,0,0,2,0,1,1,1,85.15,979.05,0
5947,0,0,1,1,42,1,0,1,0,0,0,0,2,0,0,1,1,77.95,3384.0,1
5993,0,0,0,0,72,1,2,1,2,2,2,2,2,2,2,0,1,115.05,8405.0,0
2925,1,0,0,0,12,0,1,0,0,2,0,2,0,0,0,0,3,34.0,442.45,0
4308,1,0,0,0,38,1,2,1,0,2,2,0,0,2,0,1,1,95.1,3691.2,0
1235,1,0,1,0,45,1,2,1,0,2,2,0,2,2,0,1,0,107.75,4882.8,0
6895,0,0,1,0,64,1,2,0,2,0,2,2,2,2,2,1,1,85.0,5484.4,0
6525,0,0,1,1,52,1,0,2,1,1,1,1,1,1,2,0,0,20.1,1078.75,0
4223,1,1,0,0,32,1,2,1,0,0,0,0,2,2,0,1,1,96.15,3019.25,1
3514,1,0,0,0,3,1,0,1,0,0,0,0,0,0,0,1,3,69.6,207.4,0
1934,0,0,0,0,32,1,2,1,0,0,2,0,2,2,0,1,2,101.35,3334.9,0
5780,0,1,0,0,49,1,2,1,2,2,2,2,0,2,1,0,0,103.0,5166.2,0
5561,0,0,0,0,18,1,2,1,0,0,0,0,2,0,0,1,2,85.2,1553.9,1
341,1,0,1,1,46,1,0,2,1,1,1,1,1,1,2,1,3,20.2,917.45,0
3347,1,0,0,0,2,1,0,1,0,2,0,0,0,0,0,1,2,74.75,144.8,0
2156,1,0,0,1,2,1,2,0,2,2,0,0,0,0,0,0,0,60.95,134.6,0
3646,0,0,0,0,9,0,1,0,2,0,2,2,2,2,0,0,3,58.5,539.85,1
3112,1,1,1,0,62,1,2,1,0,2,0,0,0,2,0,1,0,89.8,5629.55,0
1347,1,0,0,0,66,1,0,1,0,2,2,0,2,2,0,0,2,99.5,6710.5,1
6747,0,0,0,0,68,1,2,0,2,0,0,0,0,0,0,0,3,54.45,3687.75,0
5689,0,1,1,0,66,1,2,0,0,2,2,0,2,0,1,1,0,70.85,4738.85,0
5289,1,0,0,0,53,1,0,0,0,0,2,0,0,2,1,1,2,61.1,3357.9,0
4035,0,0,0,0,1,1,0,0,0,0,0,0,0,0,0,1,3,45.4,45.4,1
960,0,1,1,0,44,1,0,1,2,2,0,2,0,0,0,1,2,85.15,3670.5,0
3206,1,0,0,0,56,1,2,2,1,1,1,1,1,1,1,0,2,24.9,1334.0,1
4982,0,0,0,0,4,1,0,0,2,0,0,0,0,0,0,1,0,50.55,235.65,0
5593,0,0,0,1,51,0,1,0,2,0,2,2,2,2,1,0,0,60.15,3077.0,0
4143,1,1,1,0,44,1,2,1,0,0,2,0,2,0,0,1,2,89.2,4040.2,0
2047,0,0,1,1,69,1,2,0,2,0,2,2,0,0,2,1,1,64.15,4254.1,0
2749,0,0,1,0,71,0,1,0,0,2,2,2,2,2,2,1,1,61.4,4310.35,0
2508,0,0,0,0,8,1,2,1,0,0,0,0,2,2,0,0,0,95.65,778.1,1
5769,1,0,0,0,4,1,2,1,0,0,0,0,0,0,0,1,0,72.2,305.55,1
5764,1,1,1,0,14,1,2,1,0,0,0,0,0,0,0,1,2,75.1,1013.35,0
871,0,0,1,0,71,1,2,0,0,0,2,2,2,2,2,1,0,80.45,5662.25,0
4323,1,0,1,1,26,1,0,2,1,1,1,1,1,1,1,1,0,20.05,505.9,0
1506,0,0,0,0,1,0,1,0,0,0,0,0,0,0,0,0,0,25.25,25.25,0
1873,1,0,0,0,17,1,0,1,2,0,0,0,2,2,0,0,2,93.85,1625.65,1
1341,0,0,0,0,27,1,0,2,1,1,1,1,1,1,1,0,3,19.15,501.35,0
180,1,0,0,0,1,1,2,1,0,0,0,0,2,2,0,1,2,95.45,95.45,1
3574,1,0,0,0,13,1,0,2,1,1,1,1,1,1,2,0,3,19.75,265.75,0
6219,1,0,0,0,12,1,0,0,0,2,0,0,0,0,0,1,0,49.05,593.05,0
6927,0,0,1,1,1,1,0,0,0,0,0,0,0,0,0,1,2,45.7,45.7,1
1317,1,0,1,1,52,1,0,0,2,2,2,0,2,2,2,0,2,79.2,4016.3,0
88,0,0,1,0,2,1,0,1,2,2,0,0,2,0,0,0,2,90.35,190.5,0
4031,0,0,1,1,5,1,0,1,0,2,0,0,0,2,0,1,2,83.6,404.2,1
4593,1,0,0,0,25,1,0,2,1,1,1,1,1,1,1,0,1,19.9,510.8,0
103,1,0,0,0,71,1,2,1,2,2,2,2,2,2,1,1,0,116.3,8309.55,0
4672,1,0,0,0,17,1,2,1,2,2,2,2,2,0,0,1,0,106.65,1672.1,0
2395,0,0,1,1,14,1,0,2,1,1,1,1,1,1,1,1,3,19.5,272.0,0
6779,1,0,1,1,68,1,0,1,2,2,2,0,2,2,2,1,1,103.25,7074.4,0
5572,0,0,0,0,2,1,2,1,0,0,0,0,2,2,0,1,2,95.15,196.9,1
6446,1,0,1,0,44,1,0,0,2,2,0,2,0,0,1,1,0,59.85,2603.95,0
8,0,1,0,0,7,1,0,0,2,0,0,0,0,0,0,1,2,48.2,340.35,0
225,0,0,0,0,15,1,0,2,1,1,1,1,1,1,0,0,3,19.9,320.45,0
2918,0,1,0,0,8,1,0,2,1,1,1,1,1,1,0,0,2,19.65,164.3,1
1526,0,1,0,0,6,0,1,0,0,0,0,0,2,2,0,1,2,44.4,263.05,0
4119,1,0,1,1,19,1,2,1,0,0,0,2,2,2,1,1,2,100.95,1875.55,1
5900,0,1,0,0,1,1,0,1,0,0,0,0,0,0,0,1,3,70.6,70.6,0
5118,1,0,0,0,2,1,0,1,0,0,0,0,2,0,0,0,2,79.0,143.65,1
1951,1,0,0,0,29,1,0,2,1,1,1,1,1,1,1,1,3,19.8,572.2,0
2790,0,0,1,0,58,1,0,0,2,2,0,0,2,0,0,1,1,65.25,3791.6,0
177,1,0,1,1,27,1,0,0,2,2,0,0,0,0,0,1,1,54.75,1510.3,0
6362,1,0,0,0,42,1,2,1,0,0,2,0,0,0,0,0,2,79.9,3313.4,0
4804,1,0,1,0,61,1,2,0,0,2,2,0,2,2,2,0,0,80.9,4932.5,0
1592,0,0,0,0,7,1,0,2,1,1,1,1,1,1,0,0,3,19.3,144.95,0
4277,1,0,0,0,3,1,2,1,0,0,2,0,2,2,0,1,2,100.95,329.95,1
1817,0,0,0,0,1,1,0,2,1,1,1,1,1,1,0,0,0,19.9,19.9,0
6534,0,1,1,0,52,1,2,1,2,2,2,0,2,2,0,1,2,109.1,5647.95,0
5716,0,0,0,1,22,0,1,0,0,0,2,0,2,2,1,1,1,49.45,1031.4,0
6785,1,0,0,0,35,1,0,2,1,1,1,1,1,1,2,0,3,19.25,677.9,0
5707,1,1,1,0,63,1,2,1,2,2,2,0,2,2,2,0,1,108.5,6991.9,0
5497,1,1,1,0,55,1,2,1,0,2,2,2,2,2,2,1,2,113.6,6292.7,0
4734,0,0,1,1,19,1,2,1,0,0,0,2,0,2,1,1,0,89.35,1686.85,0
6709,1,0,0,0,15,1,2,1,2,0,0,0,2,0,0,1,0,87.75,1242.2,0
4657,0,0,1,1,33,1,2,0,0,0,2,2,2,2,1,1,2,79.15,2531.4,0
1770,1,0,0,0,44,1,2,1,2,2,2,0,2,2,0,1,2,111.5,4915.15,0
334,1,0,0,0,21,1,2,1,0,0,0,0,0,0,0,1,2,73.7,1558.7,0
2649,1,0,0,0,46,1,0,2,1,1,1,1,1,1,2,0,1,19.2,908.15,0
5778,0,0,1,1,56,1,0,2,1,1,1,1,1,1,2,0,3,20.05,1090.1,0
287,0,0,1,0,51,1,2,1,0,0,2,0,2,2,1,1,2,98.85,4947.55,0
5639,0,0,1,1,33,1,2,2,1,1,1,1,1,1,2,1,3,24.5,740.3,1
3941,1,0,0,0,13,1,0,2,1,1,1,1,1,1,1,1,3,19.95,257.0,0
2861,1,0,0,0,72,0,1,0,2,2,2,2,2,2,2,1,0,65.55,4807.45,0
2723,1,0,1,0,67,1,2,2,1,1,1,1,1,1,2,0,1,25.6,1784.9,0
1231,1,0,0,0,30,1,0,0,2,0,2,0,0,0,2,1,3,55.65,1653.85,0
835,1,0,1,1,25,1,0,1,0,2,0,0,0,0,0,1,2,75.5,1901.05,0
2058,0,0,1,0,71,1,2,2,1,1,1,1,1,1,2,1,1,25.95,1801.9,0
6892,1,0,1,0,72,1,2,1,2,2,2,2,2,2,2,1,1,116.95,8594.4,0
2646,0,0,1,0,59,1,2,1,2,2,2,2,0,2,1,1,1,107.0,6152.3,0
4671,1,0,0,1,15,1,0,0,0,0,2,2,0,0,1,0,1,55.2,864.55,0
4255,0,0,0,0,37,1,0,2,1,1,1,1,1,1,1,1,2,19.8,695.05,0
3677,1,0,0,0,9,1,0,0,2,0,2,2,2,0,0,1,3,69.5,653.25,0
1838,0,0,0,0,4,1,2,1,0,2,0,0,0,0,0,1,3,80.3,324.2,0
6717,0,0,0,0,52,1,2,0,0,0,2,2,2,2,2,1,0,80.95,4233.95,0
668,0,0,0,0,3,0,1,0,0,2,0,0,0,0,0,0,3,29.2,98.5,0
5899,1,0,0,0,1,1,0,2,1,1,1,1,1,1,0,1,3,20.2,20.2,1
861,1,0,0,0,2,1,2,0,0,2,0,0,0,0,0,1,3,54.4,114.1,1
4081,0,0,0,0,52,0,1,0,2,2,2,0,2,2,2,1,0,58.75,3038.55,0
6436,0,1,0,0,35,1,0,1,0,0,0,0,0,0,0,0,2,70.55,2419.0,0
13,0,0,0,0,72,1,2,1,2,2,2,0,2,0,2,1,0,101.3,7261.25,0
2769,0,0,0,0,26,1,2,1,0,0,0,0,0,0,0,1,0,74.95,1834.95,1
2190,1,0,1,0,17,1,0,0,2,2,0,0,0,2,1,0,3,64.8,1175.6,0
3718,1,0,0,0,8,1,2,1,0,0,0,0,0,2,0,1,2,86.55,649.65,1
3203,0,0,0,0,1,1,0,2,1,1,1,1,1,1,0,1,3,19.6,19.6,1
1344,0,0,0,0,60,1,2,1,0,2,2,0,2,2,2,0,2,104.7,6333.8,0
1981,0,0,0,0,1,1,0,2,1,1,1,1,1,1,0,0,3,19.55,19.55,0
5840,0,0,1,1,42,1,0,2,1,1,1,1,1,1,2,0,3,20.0,833.55,0
912,0,0,1,0,18,1,0,2,1,1,1,1,1,1,2,0,3,20.1,370.5,0
1413,1,0,0,0,3,1,0,1,0,2,2,2,2,2,0,1,2,107.95,318.6,0
7010,0,0,0,0,3,1,0,1,0,2,0,0,2,2,0,1,2,95.1,307.4,1
5820,0,0,0,0,52,1,0,2,1,1,1,1,1,1,1,0,3,20.65,1022.95,0
904,1,0,1,0,12,1,0,1,2,2,2,0,0,0,0,1,2,84.6,959.9,0
2413,1,0,0,0,49,1,2,1,0,0,0,0,0,0,0,1,0,74.6,3720.35,0
3582,1,0,0,0,64,1,2,1,0,0,2,2,2,2,1,1,1,104.65,6889.8,0
1010,1,0,0,0,4,1,0,0,0,2,0,0,0,0,0,0,3,49.25,208.45,0
6911,1,1,0,0,22,1,2,1,0,0,0,0,2,2,0,1,2,96.7,2082.95,1
6301,1,0,1,0,31,1,2,1,0,2,2,0,2,0,0,0,2,93.8,3019.5,1
5420,1,0,1,0,57,1,0,0,2,2,0,2,0,0,2,1,2,59.75,3450.15,0
1452,0,1,1,0,50,1,2,1,2,2,2,0,2,2,0,0,0,108.75,5431.9,0
1844,1,0,0,0,6,1,0,0,2,2,0,0,0,0,0,1,0,55.7,335.65,0
2364,0,0,1,1,23,1,2,2,1,1,1,1,1,1,2,0,3,23.85,625.65,0
2313,1,0,1,0,59,1,2,1,0,0,0,0,0,2,1,0,2,85.55,5084.65,1
6384,0,1,0,0,2,1,0,1,0,0,0,0,2,0,0,0,3,81.5,162.55,0
5349,1,0,0,0,10,1,2,2,1,1,1,1,1,1,2,0,0,25.7,251.6,0
4454,1,0,0,1,71,1,0,0,2,2,2,2,2,0,2,1,1,76.9,5522.7,0
2938,1,0,0,0,63,1,2,1,0,2,0,2,2,2,0,0,2,105.4,6713.2,0
5746,0,0,0,0,11,1,0,2,1,1,1,1,1,1,1,0,3,20.0,211.95,0
4278,1,0,1,1,72,1,2,2,1,1,1,1,1,1,2,1,0,25.2,1798.9,0
5264,0,0,1,0,57,1,0,2,1,1,1,1,1,1,2,1,0,19.6,1134.25,0
4501,1,0,0,0,10,1,2,1,0,0,0,0,0,0,0,1,3,74.15,811.8,1
1214,0,0,0,1,2,1,0,0,2,0,0,0,0,2,0,1,1,61.2,125.95,0
1337,0,0,1,0,71,1,2,2,1,1,1,1,1,1,2,0,1,25.05,1873.7,0
3490,0,0,0,0,28,1,0,0,0,0,2,0,2,0,0,1,0,59.55,1646.45,0
5177,0,1,0,0,41,1,2,1,2,2,2,0,2,2,0,1,2,113.2,4689.5,1
62,0,0,1,0,69,1,2,1,2,2,2,2,2,2,2,1,2,116.0,8182.85,0
2069,0,0,0,0,22,1,2,0,2,0,0,2,0,0,0,1,3,59.05,1253.5,0
2452,1,0,1,1,72,0,1,0,2,2,2,0,0,0,2,0,1,38.5,2763.0,0
3995,0,0,0,0,47,1,2,1,0,2,2,0,2,2,0,1,2,106.35,4849.1,0
1798,1,0,1,1,4,1,2,0,0,0,0,0,0,0,0,1,2,50.9,225.6,1
1430,1,0,1,0,25,1,2,0,0,0,2,0,0,0,0,0,1,55.55,1405.3,0
6367,1,0,0,0,9,1,0,2,1,1,1,1,1,1,0,1,3,18.95,185.6,1
6718,1,0,1,1,68,1,0,1,2,0,2,0,0,0,2,0,1,80.35,5375.15,0
5705,1,0,1,0,69,0,1,0,2,0,2,2,2,2,2,0,0,60.25,4055.5,0
56,1,0,0,0,30,1,2,0,2,0,0,0,0,2,0,1,3,64.5,1888.45,0
713,0,0,1,1,44,1,0,2,1,1,1,1,1,1,0,0,3,19.6,780.25,0
2059,1,0,0,0,2,1,0,0,0,0,0,0,0,0,0,1,2,45.15,98.5,1
901,1,0,1,0,21,1,2,1,0,0,2,2,2,2,0,1,2,106.1,2249.95,1
3402,1,1,1,0,1,1,2,1,0,0,0,0,2,0,0,1,2,86.05,86.05,1
1100,1,0,1,1,62,1,0,1,2,2,0,0,0,0,1,1,1,81.45,4983.05,0
4552,1,0,0,0,11,1,0,1,2,0,2,0,0,0,0,1,0,79.5,795.65,0
6978,0,1,1,1,32,1,2,1,0,0,2,0,2,0,0,1,3,91.35,2896.55,0
3665,0,0,0,0,9,1,0,0,0,2,0,2,2,0,0,0,3,66.25,620.55,1
5842,1,0,0,0,5,1,0,0,2,0,0,2,0,0,0,1,3,55.75,266.95,0
2834,1,0,0,0,3,1,0,1,0,0,0,0,0,0,0,1,3,70.3,220.4,0
5091,1,0,0,0,1,1,0,1,0,0,0,0,0,0,0,0,2,69.95,69.95,1
256,1,0,0,0,10,1,0,2,1,1,1,1,1,1,0,0,1,20.0,198.7,0
630,1,0,0,1,1,1,0,2,1,1,1,1,1,1,0,0,3,19.55,19.55,0
4294,0,1,0,0,2,1,2,0,0,2,0,0,0,0,0,1,1,56.55,118.25,0
5633,0,0,1,1,64,1,2,1,2,0,0,2,2,2,1,1,0,104.4,6721.6,0
6217,1,0,0,0,11,1,2,2,1,1,1,1,1,1,0,0,1,23.15,245.2,1
3343,0,0,0,0,4,1,0,1,0,0,0,0,0,0,0,0,2,70.4,281.0,1
5249,1,0,1,0,44,1,2,1,2,0,2,0,0,0,0,1,1,84.8,3626.35,0
2852,0,0,1,1,36,1,0,0,2,0,0,0,0,0,0,0,1,51.05,1815.0,0
2906,1,0,0,0,51,1,2,1,0,2,0,0,0,0,0,0,0,81.0,4085.75,0
5580,0,0,0,0,21,1,0,1,0,0,0,0,0,0,0,1,2,68.65,1493.2,0
2766,1,0,0,0,2,1,0,2,1,1,1,1,1,1,0,0,3,19.75,39.3,0
6413,0,0,1,1,47,1,0,2,1,1,1,1,1,1,2,0,1,20.25,873.4,0
3192,1,0,0,1,12,1,0,2,1,1,1,1,1,1,2,0,0,19.35,212.3,0
2100,1,0,0,1,19,1,0,2,1,1,1,1,1,1,0,1,2,20.0,377.55,0
946,0,0,0,0,48,1,2,2,1,1,1,1,1,1,1,0,0,24.35,1133.7,0
2700,0,1,1,0,71,1,2,1,2,2,2,2,0,0,2,1,1,96.35,6766.95,0
2791,0,0,0,0,62,1,0,2,1,1,1,1,1,1,2,1,1,19.2,1123.65,0
5523,1,1,1,0,10,1,2,1,0,0,0,0,0,2,0,1,2,86.65,856.65,1
179,0,0,1,1,54,1,2,0,0,2,2,2,2,2,0,1,2,86.2,4524.05,0
5065,0,1,1,0,61,1,2,1,0,2,2,0,2,2,1,1,1,104.4,6405.0,1
3394,0,0,0,0,13,1,2,1,0,2,2,0,0,0,0,1,2,84.45,1058.6,1
5309,0,0,1,1,64,1,2,2,1,1,1,1,1,1,2,1,3,24.05,1559.15,0
6181,1,0,1,1,19,1,0,2,1,1,1,1,1,1,1,0,3,19.9,357.7,0
1599,0,0,0,0,32,1,2,1,0,2,2,0,2,2,1,1,1,104.05,3416.85,0
1368,1,0,1,1,6,1,0,2,1,1,1,1,1,1,2,1,1,20.4,107.6,0
4846,0,0,0,0,15,1,0,1,0,0,2,0,2,2,0,1,1,94.0,1505.45,0
4910,1,0,1,0,65,1,2,1,0,2,0,0,0,2,0,1,2,90.65,5931.0,0
1530,0,0,0,0,39,1,0,1,2,0,2,2,2,0,1,1,2,95.55,3692.85,1
5887,1,1,0,0,51,1,2,1,0,0,2,0,2,2,0,1,2,97.8,4913.3,1
558,0,1,1,0,27,1,2,0,0,2,2,2,2,2,0,0,2,83.85,2310.2,0
4124,1,0,0,0,2,1,0,1,0,0,0,0,0,0,0,1,1,69.8,134.7,1
2739,0,0,1,1,24,1,2,2,1,1,1,1,1,1,2,0,3,24.7,571.75,0
4393,1,0,1,0,65,1,2,1,2,2,2,0,2,0,2,1,2,99.35,6347.55,0
4799,1,0,1,0,42,0,1,0,0,0,0,0,0,0,0,1,1,25.1,1097.15,0
7039,1,0,1,0,22,1,2,1,0,0,0,0,0,2,0,1,2,85.1,1873.7,1
1124,0,1,1,1,32,1,2,1,0,2,0,0,2,2,0,1,2,100.4,3217.65,0
6768,1,0,0,0,67,0,1,0,2,0,0,2,2,0,2,0,2,43.9,3097.2,0
4372,0,1,0,0,3,1,0,1,0,0,0,0,0,0,0,1,2,70.3,235.5,1
2554,1,0,1,1,43,1,0,2,1,1,1,1,1,1,1,1,3,19.2,776.25,0
5802,1,0,0,0,3,0,1,0,0,0,0,2,0,0,0,0,2,30.4,82.15,0
5228,1,0,0,0,1,1,0,0,0,0,0,0,0,0,0,0,2,45.75,45.75,1
6138,0,1,0,0,37,1,2,1,0,0,0,0,0,0,0,1,2,76.25,2841.55,1
4174,1,0,0,0,31,1,0,1,0,2,0,0,2,2,0,1,2,94.5,2979.2,0
594,1,0,1,0,13,1,2,1,0,0,2,0,2,2,0,1,1,102.25,1359.0,1
5896,0,0,0,0,30,1,0,1,0,0,0,2,2,2,1,1,0,94.4,2638.1,0
5892,0,1,1,0,32,1,2,1,0,0,0,0,2,2,0,1,2,93.2,2931.0,1
1119,0,0,0,1,19,1,0,2,1,1,1,1,1,1,2,0,3,20.5,398.55,0
2280,1,1,0,0,72,1,2,1,2,2,2,2,2,2,2,0,0,113.8,7845.8,0
2445,1,0,1,1,1,1,0,2,1,1,1,1,1,1,0,0,0,19.95,19.95,1
2686,0,0,1,1,72,1,2,1,2,2,2,2,2,2,2,1,0,117.6,8308.9,0
2522,1,0,0,0,31,0,1,0,0,0,2,0,2,2,1,1,2,50.05,1523.4,0
425,1,0,0,0,10,1,0,0,0,0,0,0,0,0,0,1,2,45.55,402.6,1
883,1,1,0,0,70,0,1,0,0,2,2,0,2,0,1,1,1,44.05,3011.65,0
5538,1,0,0,0,18,1,0,0,2,0,2,2,2,0,0,1,2,68.35,1299.8,0
5913,0,1,1,0,43,1,2,1,0,0,2,2,2,2,1,1,2,107.55,4533.9,1
4901,1,0,0,0,52,1,2,1,0,0,2,0,0,2,2,1,1,89.45,4577.75,0
787,0,0,0,0,2,1,2,1,0,0,0,0,0,2,0,1,2,85.7,169.8,1
6441,1,0,0,0,1,1,0,0,0,0,0,0,0,0,0,1,3,45.7,45.7,1
1303,1,0,0,0,1,1,0,2,1,1,1,1,1,1,0,0,3,20.15,20.15,1
5547,0,0,1,0,20,1,0,2,1,1,1,1,1,1,1,0,3,20.35,393.15,0
5028,0,1,1,0,65,1,2,1,0,2,2,0,2,2,1,1,2,106.25,6979.8,1
3026,1,1,0,0,19,1,2,1,2,0,0,0,2,0,0,1,2,90.6,1660.0,1
4618,0,0,1,1,37,1,2,2,1,1,1,1,1,1,0,0,3,26.45,911.6,0
6691,0,0,1,1,3,0,1,0,0,2,0,0,0,2,0,0,3,40.3,92.5,0
6642,1,0,1,0,1,1,0,1,0,0,2,0,0,0,0,0,2,76.2,76.2,1
2397,1,0,0,0,15,1,2,0,0,0,0,0,0,0,0,0,2,51.55,765.5,1
3197,0,0,0,0,3,1,2,1,0,0,0,0,0,0,0,1,2,75.8,246.3,1
421,0,0,0,0,53,1,0,2,1,1,1,1,1,1,2,0,3,18.7,1005.7,0
1052,1,0,1,1,17,1,2,0,2,0,0,2,0,0,1,1,3,62.1,1096.65,0
1459,0,0,0,0,15,1,2,1,0,2,0,0,0,0,0,1,2,79.75,1111.85,1
5312,1,0,0,0,1,1,2,1,0,0,0,0,2,0,0,1,3,84.65,84.65,1
2635,1,0,0,0,4,0,1,0,0,0,0,2,0,2,0,1,2,40.05,162.45,0
899,1,0,0,0,24,1,0,1,0,2,2,0,0,2,0,1,2,89.55,2187.15,0
4652,1,0,1,1,33,1,0,2,1,1,1,1,1,1,1,0,3,20.6,690.25,0
2022,0,0,0,0,4,1,0,1,0,2,0,0,0,0,0,1,0,76.65,333.6,1
1807,0,0,1,0,3,1,0,0,0,0,0,0,0,0,0,1,3,46.1,130.15,0
6059,0,0,1,1,38,1,0,2,1,1,1,1,1,1,1,0,3,20.3,749.35,0
6885,1,0,1,0,72,1,2,0,2,2,2,2,2,2,2,1,1,92.0,6782.15,0
4975,0,0,0,0,1,1,0,1,0,0,2,0,0,0,0,1,2,74.9,74.9,1
1149,0,0,1,0,71,1,2,1,2,2,0,0,2,0,1,0,3,95.65,6856.95,0
5127,1,0,1,1,41,1,0,2,1,1,1,1,1,1,1,0,0,19.5,798.2,0
5986,1,0,1,0,10,1,0,1,0,2,0,2,2,2,0,1,2,99.85,990.9,1
3850,0,0,0,0,71,1,2,2,1,1,1,1,1,1,2,0,2,24.55,1719.15,0
1563,1,1,1,0,72,0,1,0,2,2,2,2,2,2,2,1,0,63.1,4685.55,0
3018,0,0,0,0,10,1,0,2,1,1,1,1,1,1,1,1,3,19.8,198.25,0
2296,1,0,1,1,34,1,0,2,1,1,1,1,1,1,1,0,1,19.6,678.8,0
1827,0,1,1,0,26,1,2,1,0,0,2,0,2,2,0,1,0,98.1,2510.7,0
2683,0,0,1,0,55,1,0,1,2,0,0,0,2,2,1,1,2,94.75,5276.1,0
552,0,0,1,0,42,1,0,1,0,0,2,2,2,2,2,1,1,99.0,4135.0,0
3103,1,0,1,1,60,1,2,1,0,0,0,0,0,0,0,0,0,74.35,4453.3,0
700,0,0,1,1,68,1,2,0,2,2,2,2,0,2,1,1,2,78.45,5333.35,0
4697,0,0,1,1,63,1,0,2,1,1,1,1,1,1,2,0,1,20.0,1209.25,0
1339,0,0,0,0,9,1,0,2,1,1,1,1,1,1,0,0,3,19.05,157.65,0
1160,0,1,0,0,9,1,0,1,0,0,0,0,2,0,0,1,2,80.85,751.65,1
5584,1,0,1,1,63,1,0,0,2,2,2,2,2,0,2,0,1,74.5,4674.55,0
1573,1,0,1,1,40,0,1,0,0,2,2,2,2,2,1,0,3,60.3,2448.5,0
995,1,0,1,0,1,1,0,1,0,0,0,0,0,0,0,1,2,69.15,69.15,1
6797,1,0,1,1,6,1,0,0,2,0,0,0,0,0,0,1,2,49.15,295.65,0
6346,0,0,0,0,1,1,0,0,0,0,2,2,2,2,1,0,1,74.1,74.1,0
6760,1,0,0,0,43,1,2,1,0,2,0,0,2,2,0,1,2,101.4,4528.0,1
5630,1,0,0,0,38,1,0,0,0,0,2,2,0,2,1,1,3,62.3,2354.8,1
6869,1,0,0,0,5,1,0,0,0,2,0,2,0,2,0,1,0,65.6,339.9,0
3834,1,1,1,0,52,1,2,1,2,0,2,0,2,2,0,1,2,104.2,5568.35,1
6195,1,0,0,0,44,1,0,1,0,2,0,2,2,2,0,0,2,100.55,4398.15,1
1257,0,1,0,0,4,1,0,2,1,1,1,1,1,1,0,0,3,20.05,91.45,0
5161,1,0,0,0,1,1,0,1,0,0,0,0,0,0,0,1,2,69.65,69.65,1
5183,0,0,1,1,60,1,0,2,1,1,1,1,1,1,2,1,1,19.25,1103.25,0
1791,1,1,1,0,71,1,2,1,2,2,2,0,2,2,0,1,2,107.5,7713.55,0
4222,1,1,0,0,21,1,2,1,0,2,2,0,2,2,0,1,2,104.35,2271.85,0
2374,1,0,1,1,51,1,0,0,2,2,0,2,0,0,2,0,1,60.5,3121.45,0
1839,0,1,0,0,71,1,2,1,0,2,0,0,2,2,0,1,1,99.65,6951.15,0
3847,1,0,0,0,16,1,2,0,0,2,0,0,0,0,0,0,2,55.3,875.35,0
681,1,1,0,1,56,1,0,1,2,0,0,0,2,2,1,0,1,94.8,5264.3,0
5618,0,0,1,1,16,1,0,1,0,2,0,0,0,0,0,0,0,73.25,1195.75,0
3349,0,0,1,1,12,0,1,0,0,0,0,2,0,0,1,0,1,30.25,368.85,0
6753,0,0,1,0,64,1,2,1,0,2,0,2,2,2,2,1,0,105.4,6794.75,0
3406,0,0,1,1,16,1,2,1,0,2,0,0,0,0,0,1,1,79.95,1267.95,0
6576,1,0,1,0,72,1,2,1,2,0,2,2,2,2,2,1,1,110.9,8240.85,0
4937,1,0,1,0,18,1,0,0,0,0,0,0,0,0,0,1,0,44.35,768.05,0
3290,0,1,0,0,51,1,0,2,1,1,1,1,1,1,2,0,1,19.6,967.9,0
868,0,0,1,0,9,1,0,1,0,0,2,0,0,0,0,1,0,75.75,655.9,1
4602,0,0,0,1,62,1,2,2,1,1,1,1,1,1,2,0,0,26.0,1638.7,0
1363,1,0,1,1,18,1,0,1,0,0,0,2,0,2,0,1,2,85.6,1601.5,0
1438,1,0,0,0,44,1,0,2,1,1,1,1,1,1,1,0,1,19.5,835.5,0
1649,1,1,1,1,8,1,0,1,0,0,0,0,2,0,0,1,1,80.45,583.45,1
3823,0,0,0,0,1,1,0,1,0,0,0,0,0,0,0,1,2,70.6,70.6,1
4260,0,0,1,0,61,1,2,1,0,2,0,2,0,2,2,1,0,94.35,5703.0,0
3005,1,0,1,0,16,1,2,1,0,0,0,0,0,0,0,1,2,75.4,1189.4,0
3695,0,0,0,1,39,0,1,0,0,0,2,0,0,0,0,0,1,30.1,1131.3,1
6169,0,1,1,0,72,1,2,2,1,1,1,1,1,1,2,0,0,24.3,1778.7,0
5512,1,0,1,0,66,1,2,1,2,0,2,0,2,2,2,1,1,106.05,6981.35,1
2721,1,1,0,0,1,1,0,1,0,0,0,0,0,0,0,0,2,69.1,69.1,1
2264,1,0,1,0,8,1,0,1,2,0,0,0,0,0,0,1,2,74.5,609.9,1
3830,1,0,0,0,22,1,2,1,0,0,0,0,2,2,0,1,2,95.1,2162.6,0
1062,0,0,1,0,32,1,0,1,0,2,0,0,0,2,0,0,0,84.15,2585.95,1
3131,1,0,0,0,16,1,0,2,1,1,1,1,1,1,0,0,0,20.25,327.45,1
5787,1,0,1,1,8,1,0,2,1,1,1,1,1,1,2,0,1,19.6,125.0,0
3029,1,1,1,1,20,1,0,1,2,0,2,2,0,2,1,0,1,94.3,1818.3,0
1456,0,0,1,1,22,1,0,0,2,2,2,0,0,0,0,0,3,61.15,1422.05,1
6577,0,0,1,0,42,1,2,0,2,2,0,2,0,0,0,1,1,66.4,2727.8,0
3529,0,0,0,0,39,1,0,2,1,1,1,1,1,1,2,0,1,20.7,762.45,0
2019,0,0,1,0,39,0,1,0,2,0,2,0,2,2,0,0,2,55.9,2184.35,1
6684,0,0,1,1,61,1,2,0,2,2,2,2,0,2,1,1,2,79.4,4820.55,0
657,1,0,0,1,49,1,2,1,2,2,2,0,2,2,1,1,1,109.2,5290.45,0
5701,0,0,0,0,55,1,2,1,2,0,2,0,0,0,1,1,1,84.25,4589.85,0
3857,1,0,0,0,10,1,0,0,0,2,0,0,2,0,0,1,3,59.65,638.95,0
3959,0,0,1,0,3,1,2,1,0,0,0,0,0,0,0,1,1,75.15,216.75,1
5503,0,1,0,1,30,1,2,1,0,0,0,2,2,2,0,1,2,101.3,2974.5,0
458,1,0,0,0,1,1,0,2,1,1,1,1,1,1,0,0,3,20.45,20.45,0
5609,1,0,0,0,14,1,0,1,0,0,2,0,0,0,0,0,2,76.45,1117.55,0
5021,0,0,0,0,70,1,2,1,2,2,2,2,2,2,2,1,1,111.95,7795.95,0
2854,0,0,1,0,51,1,0,1,2,2,2,0,2,0,1,1,2,93.5,4619.55,0
5522,0,0,1,1,12,1,0,2,1,1,1,1,1,1,0,1,1,20.1,232.4,0
6817,1,1,1,0,49,1,2,1,2,2,2,0,0,0,0,1,2,88.2,4159.45,0
3371,1,0,1,1,19,1,0,2,1,1,1,1,1,1,2,0,3,20.2,387.4,0
5937,1,0,0,0,72,1,2,0,2,2,0,2,2,2,2,0,1,86.05,6309.65,0
4312,1,0,1,1,40,1,2,1,0,0,2,0,0,0,0,1,2,81.2,3292.3,0
1325,0,0,1,0,72,1,2,0,2,2,2,2,2,2,2,1,0,90.95,6468.6,0
1660,1,0,0,1,2,1,0,2,1,1,1,1,1,1,0,0,3,20.4,42.9,0
3784,0,0,1,1,71,1,2,1,2,2,2,2,2,2,2,0,0,114.6,8100.25,0
330,1,0,1,0,61,1,2,1,2,0,2,2,2,0,0,0,0,99.4,5943.65,0
5676,1,0,0,0,71,1,2,0,2,2,2,2,0,2,2,0,0,80.6,5708.2,0
2643,1,1,1,0,16,1,0,1,0,0,0,0,0,0,0,1,0,71.8,1167.8,1
4464,1,0,1,0,72,1,2,1,2,2,2,0,2,2,2,1,2,109.65,7880.25,0
5551,0,0,1,1,6,0,1,0,0,2,2,2,0,0,2,0,3,40.55,217.5,0
6708,1,0,0,0,26,1,0,1,0,2,2,0,2,0,0,0,2,89.8,2335.3,1
3180,1,0,1,0,14,1,2,1,0,2,2,0,0,0,0,1,2,82.65,1185.0,0
2123,0,0,1,1,56,1,2,0,2,2,2,2,2,0,2,0,1,81.25,4620.4,0
4958,0,0,1,1,69,1,0,2,1,1,1,1,1,1,2,0,0,20.2,1412.65,0
2867,0,0,1,1,34,1,0,0,2,2,2,0,0,0,1,1,3,60.8,2042.05,0
4818,1,0,0,0,3,1,0,2,1,1,1,1,1,1,0,0,3,19.85,64.55,1
3087,1,1,0,0,2,1,2,1,0,0,0,0,2,2,0,1,2,93.85,196.75,1
3943,0,1,0,0,1,1,0,1,0,0,0,0,0,0,0,1,2,69.85,69.85,1
1375,0,0,0,0,29,1,2,0,2,2,0,2,0,0,0,0,3,67.45,1801.1,0
5634,1,0,0,0,65,1,0,2,1,1,1,1,1,1,2,1,1,19.55,1218.65,0
6226,1,0,0,0,3,1,0,0,0,0,0,0,2,0,0,0,3,55.15,159.15,1
4565,1,1,1,0,65,1,2,1,2,2,0,0,2,0,2,1,1,92.7,5968.4,0
3215,0,1,0,0,20,1,0,1,0,0,0,0,0,2,0,1,2,81.45,1671.6,0
5393,1,0,0,1,12,1,2,1,0,0,0,0,0,0,0,1,1,73.75,871.4,1
3227,1,0,0,0,7,1,2,1,0,0,0,0,2,2,0,1,2,93.85,635.6,1
542,1,1,0,0,72,1,2,2,1,1,1,1,1,1,2,0,0,25.4,1809.35,0
3016,1,0,0,1,17,1,0,0,2,0,0,0,0,0,0,1,3,50.3,846.8,0
5566,0,0,1,0,33,1,0,0,0,2,0,2,0,0,1,1,1,53.75,1857.3,0
5195,0,0,0,0,5,1,0,2,1,1,1,1,1,1,1,0,2,19.55,99.6,0
2295,1,1,0,0,30,1,2,0,0,0,2,2,2,0,2,1,1,69.1,2093.9,0
3078,0,0,0,0,25,1,0,0,2,2,2,2,2,0,1,0,3,74.3,1863.8,1
967,1,1,1,0,3,1,2,1,0,2,2,0,2,2,0,1,2,105.9,334.65,1
2641,0,0,1,0,15,1,0,1,0,0,0,0,2,2,0,0,2,88.15,1390.6,1
2004,0,0,0,0,59,1,2,0,2,2,2,2,0,2,1,0,1,79.85,4786.1,0
4357,1,0,0,0,1,1,0,2,1,1,1,1,1,1,0,0,3,19.65,19.65,1
6265,1,0,0,0,28,1,2,1,0,2,2,0,2,2,0,1,2,105.7,2979.5,1
1321,1,0,0,0,20,1,0,2,1,1,1,1,1,1,1,1,3,19.7,415.9,0
3874,1,0,0,0,27,1,0,0,2,0,0,2,0,0,0,0,3,53.45,1461.45,0
5245,1,1,1,0,17,1,0,1,0,0,0,0,0,2,0,0,0,81.5,1329.2,1
3501,1,0,0,0,3,1,0,0,2,0,0,2,2,0,0,1,1,64.4,195.65,0
1307,0,0,1,0,72,1,2,1,2,0,2,2,2,0,2,1,0,98.2,7015.9,0
206,1,0,0,0,2,1,0,0,0,0,0,0,0,0,0,0,2,45.35,89.5,1
6162,1,0,0,0,41,1,0,1,0,0,0,2,0,0,0,1,2,74.25,3089.1,0
4604,1,0,0,0,6,1,0,2,1,1,1,1,1,1,0,0,3,20.65,109.3,0
3252,1,0,1,1,45,1,2,2,1,1,1,1,1,1,2,0,3,24.45,1088.25,0
224,0,0,1,0,46,1,2,1,0,2,2,2,2,2,2,1,1,108.9,4854.3,0
4583,0,0,0,1,67,1,2,1,0,2,0,2,2,2,1,1,0,106.6,7244.7,0
860,1,0,1,1,52,1,2,2,1,1,1,1,1,1,2,0,3,24.8,1229.1,0
5718,0,1,0,0,1,1,0,1,0,0,0,0,0,0,0,1,2,70.55,70.55,1
4727,1,0,0,0,50,1,2,1,2,2,2,2,2,2,1,0,1,114.35,5791.1,0
3999,0,0,1,1,53,1,0,2,1,1,1,1,1,1,1,1,0,19.85,1039.45,0
4837,1,0,0,0,2,1,0,0,0,0,0,0,0,0,0,0,0,44.9,111.05,0
5192,1,0,1,0,30,1,0,2,1,1,1,1,1,1,1,0,1,20.7,587.1,0
1694,0,1,0,0,72,1,2,1,0,2,2,2,2,2,2,0,2,111.65,7943.45,0
754,0,0,1,1,55,1,0,2,1,1,1,1,1,1,2,0,1,19.4,1083.0,0
4115,0,1,1,0,56,1,2,0,2,2,2,2,0,0,1,1,1,68.45,4014.0,0
3304,1,0,1,0,56,1,2,1,0,2,0,0,2,2,1,0,1,100.3,5614.45,1
1180,0,1,1,1,47,1,0,1,0,0,0,0,0,0,0,0,0,70.55,3309.25,1
3729,1,1,1,0,33,1,2,1,0,0,0,0,2,2,0,1,2,94.5,3105.55,1
3147,1,0,1,1,42,1,0,2,1,1,1,1,1,1,1,0,3,20.25,854.9,0
2836,0,0,1,1,41,0,1,0,2,0,2,0,0,0,1,0,1,35.4,1412.4,0
4420,1,0,1,1,4,1,0,2,1,1,1,1,1,1,0,1,3,20.5,77.6,0
4831,0,1,0,0,6,1,0,2,1,1,1,1,1,1,0,0,0,19.5,106.8,0
6737,1,0,0,0,38,1,0,1,0,0,0,0,0,0,1,1,0,70.45,2597.6,1
2857,1,0,1,1,72,1,2,0,2,2,2,2,2,2,2,1,0,87.55,6463.15,0
3863,1,0,0,0,69,1,2,1,0,2,0,2,2,2,1,1,0,105.2,7386.05,0
3669,0,0,0,0,47,1,0,2,1,1,1,1,1,1,2,1,3,20.55,945.7,0
2370,1,0,0,0,43,1,0,0,0,2,0,0,0,2,2,1,2,60.0,2548.55,0
4405,0,1,0,0,64,0,1,0,0,2,0,2,2,0,0,1,2,43.85,2751.0,0
816,0,0,1,0,27,1,2,1,0,0,0,0,2,2,0,0,1,95.0,2462.55,0
650,1,0,0,0,13,1,2,1,2,0,0,0,2,2,0,0,3,98.15,1230.25,1
755,0,0,0,0,1,1,0,2,1,1,1,1,1,1,0,1,0,19.25,19.25,0
1027,1,0,0,0,30,1,2,1,2,0,0,0,2,2,0,1,0,100.4,2936.25,0
3160,0,0,1,1,51,1,2,1,2,0,0,2,2,0,1,1,3,95.15,5000.05,0
6157,1,0,0,0,5,0,1,0,2,0,2,2,0,0,0,0,3,40.0,223.45,1
6935,1,0,1,1,72,1,2,2,1,1,1,1,1,1,2,0,3,26.1,1851.45,0
5324,0,0,1,1,66,1,2,0,2,2,2,0,0,0,0,1,0,67.45,4508.65,0
3726,1,1,0,0,1,1,2,1,0,0,0,0,0,0,0,1,2,74.7,74.7,1
6423,0,0,0,0,5,1,0,1,0,0,0,0,2,0,0,1,1,81.0,389.6,1
7030,0,1,1,0,53,1,0,1,0,2,2,2,2,0,1,1,2,94.0,4871.45,0
1007,1,0,0,0,1,1,0,1,0,0,0,0,2,2,0,1,2,89.1,89.1,1
5941,1,0,1,1,38,1,2,1,0,0,2,0,2,2,0,1,1,101.15,3956.7,0
562,1,0,0,0,36,1,0,2,1,1,1,1,1,1,2,1,1,18.55,689.0,0
5598,1,0,0,0,55,1,0,1,2,2,0,0,2,2,1,1,3,100.9,5552.05,0
4809,0,0,1,0,56,1,2,1,0,0,2,2,2,2,2,0,0,103.2,5744.35,0
4538,0,0,0,0,48,1,2,1,0,2,2,0,2,2,0,1,0,107.4,5121.3,1
4002,1,0,1,1,8,1,0,2,1,1,1,1,1,1,2,0,3,19.7,130.25,0
852,1,1,0,0,14,1,0,1,0,0,0,0,2,2,0,0,1,90.45,1266.1,1
14,0,0,0,0,56,0,1,0,2,2,2,2,0,0,2,0,0,45.05,2560.1,0
3512,1,0,1,0,36,1,0,2,1,1,1,1,1,1,1,0,0,20.85,720.05,0
5973,1,0,0,1,66,1,0,0,0,2,2,2,2,2,2,1,1,79.5,5196.1,0
315,0,0,1,1,72,1,0,2,1,1,1,1,1,1,2,0,0,20.1,1460.85,0
3045,1,1,0,0,37,0,1,0,0,2,2,0,0,0,0,0,2,36.65,1315.0,0
6296,1,0,0,0,72,0,1,0,2,2,2,2,2,2,2,1,0,65.6,4566.5,0
1046,1,0,1,1,66,1,2,0,0,0,2,0,2,0,2,1,0,63.3,4189.7,0
886,0,0,1,1,72,1,0,2,1,1,1,1,1,1,2,1,3,20.7,1482.3,0
4700,1,0,1,0,58,1,0,2,1,1,1,1,1,1,2,0,3,20.75,1185.95,0
1387,1,1,1,0,63,1,0,0,2,2,2,2,2,2,1,1,0,84.0,5329.55,0
6369,1,1,0,0,5,1,0,0,0,0,2,0,0,0,0,0,2,50.35,237.25,1
760,1,0,1,1,28,1,2,0,0,2,0,0,0,2,0,0,2,64.4,1802.15,0
2864,0,0,0,0,19,0,1,0,0,0,0,0,2,2,1,1,1,44.85,893.55,1
5388,0,0,0,0,48,1,2,2,1,1,1,1,1,1,2,0,1,24.0,1183.05,0
2872,1,0,0,1,48,1,2,0,2,0,2,0,2,2,1,1,1,78.75,3682.45,0
1992,1,0,1,1,35,1,0,2,1,1,1,1,1,1,1,0,2,19.9,666.0,0
2801,0,0,1,0,42,1,2,0,0,0,0,0,0,0,0,1,2,50.25,2203.65,1
6470,0,0,1,0,41,1,2,1,2,2,2,2,2,2,0,1,0,113.6,4594.95,1
6991,0,0,1,0,23,1,2,1,0,0,2,0,0,2,0,0,3,90.15,2044.95,0
806,0,0,0,0,11,1,2,1,0,0,2,0,2,0,0,1,2,89.2,990.3,0
1832,1,0,0,0,1,0,1,0,0,0,0,0,0,0,0,1,2,25.15,25.15,1
4935,1,1,1,0,68,1,2,1,0,0,2,0,0,0,0,1,1,80.35,5589.3,0
2782,0,1,0,0,28,1,2,1,0,2,2,0,2,2,0,1,2,106.15,3152.5,1
3805,1,0,0,1,1,0,1,0,0,0,0,0,0,0,0,0,3,24.2,24.2,0
1090,1,1,1,1,66,1,2,1,0,0,2,0,2,2,0,1,1,99.5,6822.15,1
405,1,0,0,1,12,1,0,0,2,0,0,0,2,2,0,1,3,69.85,837.5,0
2640,0,0,1,1,13,1,0,2,1,1,1,1,1,1,0,1,3,20.45,254.5,0
3790,1,1,1,0,72,1,2,0,0,2,2,2,2,0,2,0,1,77.35,5396.25,0
632,1,1,1,0,4,0,1,0,0,0,2,0,0,0,0,1,2,29.9,118.25,0
5363,1,0,0,1,62,1,2,1,0,0,2,2,2,2,2,1,2,104.05,6590.5,0
4398,0,1,1,0,46,1,2,1,0,0,0,2,2,2,1,0,2,100.25,4753.85,0
5741,1,0,1,0,65,1,2,1,2,2,2,0,0,0,1,0,2,89.75,5769.6,1
5011,0,0,0,0,37,0,1,0,0,0,2,0,0,2,0,1,1,40.2,1478.85,0
2868,1,0,1,1,71,1,0,2,1,1,1,1,1,1,2,0,1,19.7,1301.1,0
5772,1,0,1,1,9,1,0,1,0,2,0,2,2,2,0,1,2,101.5,906.85,0
5682,0,0,1,0,53,1,0,1,2,2,2,2,2,2,1,0,2,110.5,5835.5,0
2473,1,0,0,0,3,0,1,0,0,2,0,0,0,0,0,1,2,29.6,79.45,1
268,1,1,1,0,59,1,2,1,0,0,0,0,2,2,0,1,0,93.85,5574.75,1
5376,1,0,1,1,6,1,0,0,0,0,0,0,0,0,0,1,0,44.6,260.8,1
2644,1,1,1,0,65,1,2,1,2,0,0,0,2,2,1,1,2,100.75,6674.65,0
6587,1,0,0,0,15,1,0,2,1,1,1,1,1,1,0,1,3,19.8,309.4,0
5262,1,0,0,0,10,1,0,1,2,0,2,0,0,0,0,1,3,79.85,887.35,0
5147,0,0,0,0,1,1,0,2,1,1,1,1,1,1,0,0,3,20.9,20.9,0
4094,0,0,1,1,34,1,0,0,2,2,2,2,2,2,2,0,3,84.75,2839.45,0
5064,1,0,0,0,38,1,2,1,0,0,2,2,2,0,1,0,0,95.0,3605.6,0
6953,1,0,0,0,35,1,0,0,0,0,0,0,2,0,0,0,3,55.0,2010.55,1
4940,1,0,0,0,1,1,0,0,0,0,0,0,0,0,0,1,2,42.9,42.9,1
3650,0,0,0,0,2,1,0,1,0,0,2,0,0,0,0,1,2,75.8,160.75,1
2139,1,1,0,0,7,1,2,1,0,0,0,0,0,0,0,0,3,73.75,545.15,1
132,1,0,1,1,8,1,0,2,1,1,1,1,1,1,2,0,3,20.15,165.5,0
3848,1,0,0,0,5,1,0,0,0,2,0,0,0,0,0,1,2,51.35,262.3,0
1024,1,1,1,0,72,1,2,1,2,2,2,2,2,2,2,1,0,116.05,8404.9,0
59,0,0,1,0,57,1,2,1,0,2,2,2,2,2,1,1,0,109.4,6252.7,0
5216,0,0,0,0,4,1,2,0,0,0,0,0,0,0,0,0,2,50.7,214.55,0
3757,1,0,1,0,53,1,2,1,0,2,0,2,0,2,1,0,0,97.75,5043.2,0
4207,1,0,0,0,1,1,0,1,0,0,0,0,0,0,0,0,3,70.6,70.6,1
6878,0,0,0,0,3,1,0,2,1,1,1,1,1,1,0,0,3,20.4,63.15,0
3134,1,0,1,1,23,1,2,0,0,2,0,2,0,0,2,0,3,59.7,1414.2,0
3528,1,0,1,0,71,1,2,0,0,2,2,2,2,2,2,0,1,84.2,5956.85,0
1491,0,1,1,1,68,0,1,0,0,2,2,0,2,2,2,1,2,53.0,3656.25,0
4331,0,0,0,0,13,1,0,2,1,1,1,1,1,1,0,1,3,19.3,279.3,0
2416,0,0,1,1,58,1,0,2,1,1,1,1,1,1,2,0,1,20.3,1160.75,0
5749,1,0,0,0,9,1,0,1,0,0,2,0,2,2,0,1,2,94.05,811.65,0
6029,0,0,1,0,54,1,0,2,1,1,1,1,1,1,2,0,1,20.05,1102.4,0
2863,0,0,0,0,8,1,2,0,2,0,0,2,0,2,0,0,2,71.15,563.65,1
4859,1,0,1,1,19,1,0,1,0,2,0,2,2,2,1,0,0,100.0,1888.65,1
1543,1,0,0,1,52,1,2,0,2,2,0,2,2,2,2,1,3,85.15,4461.85,0
156,0,0,1,1,32,1,2,0,0,2,2,0,0,0,0,0,0,62.45,2045.55,0
5828,1,0,0,0,1,1,0,2,1,1,1,1,1,1,0,0,3,20.25,20.25,0
6724,1,0,1,0,61,1,0,0,2,2,0,2,2,2,2,1,3,81.05,4747.65,0
2528,1,0,0,0,2,1,0,0,2,0,0,2,0,0,0,1,3,54.45,87.3,0
329,0,0,0,0,49,1,0,0,0,0,2,2,2,2,2,1,0,74.45,3721.9,0
5646,0,0,0,0,52,0,1,0,2,2,0,2,0,0,2,0,3,39.1,1982.1,0
441,1,1,0,0,4,1,0,1,0,0,0,0,0,0,0,1,2,70.65,293.85,0
4007,0,0,0,0,4,0,1,0,0,0,0,0,0,0,0,1,3,24.25,96.05,1
5196,1,0,0,0,1,1,0,0,2,0,0,0,0,0,0,0,2,49.75,49.75,0
4186,0,0,1,0,49,1,2,0,2,2,2,0,0,2,1,0,2,71.8,3472.05,0
251,0,0,1,1,17,1,2,1,0,0,2,0,2,0,0,0,2,88.25,1460.65,1
438,1,0,1,1,72,1,0,2,1,1,1,1,1,1,2,0,0,21.0,1493.75,0
5847,1,0,1,1,35,1,2,0,2,2,2,2,0,0,2,1,1,69.15,2490.15,0
3828,1,0,0,0,34,1,2,1,0,2,2,0,2,2,0,1,2,106.35,3549.25,1
4474,0,0,0,0,29,1,0,1,0,0,0,0,2,0,0,1,2,78.9,2384.15,1
2627,0,0,1,0,11,1,2,1,2,0,0,2,2,0,0,1,1,96.2,1222.05,1
3303,0,0,1,1,29,1,0,2,1,1,1,1,1,1,1,0,2,20.0,540.05,0
4567,0,0,0,0,7,1,0,1,0,0,0,0,2,0,0,1,2,79.7,586.05,1
1970,1,1,0,0,35,1,0,0,0,0,2,2,2,2,1,1,2,73.0,2471.25,0
4063,0,0,1,1,4,1,0,1,0,0,0,0,0,2,0,0,2,80.85,302.75,1
6215,0,0,0,0,18,1,2,1,0,0,0,2,2,2,0,1,0,99.85,1776.95,1
2707,1,0,0,0,17,1,2,1,0,0,2,2,0,2,0,1,0,95.65,1640.0,0
1809,1,0,0,0,2,1,0,2,1,1,1,1,1,1,0,1,3,19.65,38.8,0
2846,1,0,0,0,3,1,0,0,0,0,0,0,0,0,0,0,3,45.45,141.7,0
2045,1,0,0,1,4,1,2,1,0,0,0,2,0,0,0,0,1,80.8,332.45,1
5391,0,0,1,0,71,1,0,2,1,1,1,1,1,1,2,0,3,19.6,1416.5,0
1548,1,0,0,0,7,0,1,0,0,0,2,2,0,0,1,1,1,35.5,249.55,0
5985,0,0,0,0,67,1,2,2,1,1,1,1,1,1,2,1,0,25.6,1790.35,0
2869,0,1,1,0,3,1,0,1,0,0,0,0,2,0,0,1,2,80.4,224.05,1
1073,0,1,0,0,13,1,2,1,0,0,0,0,0,2,0,1,2,82.0,1127.2,1
1579,0,1,1,0,48,1,2,1,2,2,2,2,2,2,0,0,2,117.45,5438.9,1
2334,1,1,1,0,36,1,0,0,0,0,2,2,0,0,1,0,1,54.1,1992.85,0
3684,0,0,0,0,1,1,0,1,0,2,0,0,0,0,0,1,2,75.7,75.7,1
4373,1,0,0,0,59,1,2,1,0,2,2,2,2,2,0,1,2,111.35,6519.75,0
6573,1,0,0,0,4,1,0,0,0,0,0,0,0,0,0,1,1,44.8,176.2,0
6581,0,0,1,0,65,1,0,0,2,0,2,2,0,0,2,0,1,58.9,3857.1,0
4298,0,0,1,1,55,1,0,2,1,1,1,1,1,1,1,0,1,19.15,998.1,0
5576,1,0,0,0,1,1,0,2,1,1,1,1,1,1,0,1,1,19.75,19.75,0
4584,1,0,1,1,47,1,2,1,0,2,0,0,2,2,0,1,2,99.35,4749.15,1
4849,1,0,1,1,69,1,2,1,0,2,2,0,2,2,2,1,2,105.0,7297.75,0
2031,1,0,1,0,46,1,2,1,0,2,2,0,2,0,1,1,2,94.65,4312.5,0
250,0,0,1,0,72,1,2,1,2,2,2,2,2,2,2,0,1,112.1,7965.95,0
5834,1,0,1,1,72,1,2,1,2,2,2,2,2,2,2,0,0,114.55,8306.05,0
1866,1,0,0,0,10,1,0,0,2,0,0,0,0,0,0,1,3,51.65,524.5,0
5275,1,0,0,0,1,1,2,0,0,0,0,0,0,0,0,1,1,49.8,49.8,0
3389,0,1,0,0,20,1,2,1,2,0,0,0,0,0,0,1,2,79.15,1520.9,1
3117,0,0,1,0,42,1,2,1,0,0,2,2,0,0,0,1,2,84.3,3588.4,1
618,1,0,1,0,72,1,2,1,2,2,2,2,2,2,2,0,0,115.15,8349.45,0
6795,1,0,1,0,9,1,2,0,0,2,2,0,0,2,0,1,1,69.05,653.95,0
6336,0,1,1,0,7,1,2,1,0,0,0,0,0,2,0,1,2,84.55,646.85,1
922,1,0,1,1,41,1,2,0,0,2,2,0,2,0,1,0,0,68.5,2839.95,0
6395,0,1,1,0,65,1,0,1,2,2,2,0,0,2,0,0,2,94.4,6126.15,0
2569,1,1,1,0,36,1,2,1,0,0,0,0,0,2,0,1,2,84.1,3021.6,1
4814,0,0,1,0,57,1,2,1,0,2,2,0,2,2,0,1,1,104.5,5921.35,1
2581,0,0,0,0,29,0,1,0,0,0,0,2,0,0,0,1,2,31.2,926.2,0
725,0,1,0,0,1,1,2,1,0,0,0,0,0,2,0,1,2,85.05,85.05,1
290,1,0,0,0,25,1,0,2,1,1,1,1,1,1,1,1,0,19.5,516.3,0
6366,0,0,0,0,6,1,2,1,0,0,0,0,2,2,0,1,0,93.55,536.4,1
6638,1,0,0,0,14,1,2,1,0,0,0,2,2,0,0,1,2,89.95,1178.4,1
1483,0,0,1,0,40,1,2,1,0,0,0,2,0,0,0,1,1,78.85,3126.85,0
5155,1,0,1,0,10,1,2,1,0,0,0,0,2,0,0,1,2,85.6,813.85,1
516,1,0,0,0,52,1,0,1,2,0,2,0,2,0,1,0,2,91.25,4738.3,0
4371,1,0,1,0,72,0,1,0,2,2,2,2,2,2,2,1,2,64.7,4746.05,0
3391,0,0,1,1,32,1,2,1,2,0,0,0,2,0,0,0,2,89.6,2901.8,0
6725,1,0,1,1,72,1,2,1,0,2,2,2,0,0,2,0,0,90.45,6565.85,0
6719,0,1,1,1,62,1,2,1,0,2,2,0,0,2,0,1,1,96.1,6019.35,0
3531,1,0,1,1,31,1,0,0,0,0,2,2,0,0,0,0,3,54.35,1647.0,0
4445,0,0,0,0,42,1,0,0,2,2,2,2,0,2,1,0,1,73.9,3160.55,1
5254,1,1,0,0,26,1,2,1,0,0,0,0,2,2,0,1,2,93.6,2404.1,0
1819,1,0,1,0,4,1,2,1,0,2,0,0,2,2,0,1,2,100.2,420.2,1
5352,0,0,0,1,48,1,0,2,1,1,1,1,1,1,1,0,3,19.95,936.7,0
2735,0,0,0,1,1,1,0,0,0,0,2,0,0,2,0,0,2,59.2,59.2,1
5160,0,0,0,0,46,1,0,0,0,0,2,2,0,0,2,0,1,54.35,2460.15,1
4621,1,0,1,1,38,1,0,0,2,0,2,2,2,2,2,0,1,81.0,3084.9,0
6879,1,0,0,0,10,1,2,1,0,2,0,0,0,0,0,0,2,79.85,797.25,0
3452,0,0,0,0,50,1,0,2,1,1,1,1,1,1,1,1,3,19.35,1033.0,0
4571,1,0,0,1,30,1,0,0,0,2,2,0,2,0,1,0,1,64.5,1929.95,0
2881,1,1,1,0,29,1,2,0,0,0,0,0,0,0,0,1,2,51.6,1442.0,0
3322,1,0,1,1,36,0,1,0,2,0,2,2,2,2,1,0,1,60.7,2234.55,0
3107,0,0,0,0,15,1,0,2,1,1,1,1,1,1,2,0,3,19.6,331.6,0
4181,1,1,1,0,34,1,0,1,2,0,0,2,2,0,1,0,3,90.15,3128.8,0
3312,0,0,0,0,50,1,2,0,0,2,0,2,2,2,2,1,3,79.6,4024.2,0
4553,1,0,1,0,51,1,0,0,2,2,2,2,2,2,2,1,1,83.25,4089.45,0
4606,1,1,0,0,3,1,2,1,0,2,2,0,2,2,0,1,2,105.0,294.45,1
4823,0,0,0,0,36,1,2,0,0,0,2,0,0,0,1,0,2,55.8,1941.5,0
3983,0,0,0,0,58,1,0,0,2,2,2,2,0,0,2,1,1,64.9,3795.45,0
2176,1,0,0,1,0,1,0,2,1,1,1,1,1,1,2,0,3,20.25,2283.3004408418656,0
6624,1,0,0,0,40,1,2,1,0,0,2,2,2,2,0,0,0,104.8,4131.95,1
5164,0,0,1,1,25,1,0,2,1,1,1,1,1,1,2,0,3,20.1,486.05,0
335,0,0,0,0,1,1,0,1,0,0,0,0,0,2,0,1,2,79.7,79.7,1
5524,1,1,1,0,45,1,2,0,2,0,2,2,0,2,2,0,1,75.15,3480.35,0
7025,1,0,0,0,63,1,2,0,2,2,2,2,0,0,1,0,0,68.8,4111.35,0
3010,1,0,0,0,10,0,1,0,0,2,0,2,0,0,0,0,2,35.75,389.8,0
3440,1,0,1,1,42,1,0,2,1,1,1,1,1,1,2,0,3,20.7,828.85,0
4620,1,1,1,0,1,1,2,1,0,0,0,0,0,0,0,1,2,73.55,73.55,1
3061,1,0,1,1,68,1,0,1,2,2,2,0,2,2,2,1,0,105.25,7173.15,0
2939,1,0,1,0,5,1,0,1,0,0,2,0,2,2,0,1,2,94.45,498.1,1
584,1,0,1,1,18,1,0,2,1,1,1,1,1,1,1,0,0,20.05,345.9,0
2050,1,1,1,0,24,1,2,1,2,0,0,0,0,0,0,1,2,78.85,1772.25,1
4068,1,0,0,1,69,1,2,0,2,2,2,2,2,0,2,1,1,79.45,5502.55,0
1633,1,0,0,0,8,1,0,0,0,0,0,0,2,2,0,1,2,66.25,546.45,0
1366,0,0,0,0,43,0,1,0,0,0,2,0,2,2,0,1,0,49.05,2076.2,1
6186,0,0,1,0,28,1,0,1,0,2,2,0,0,2,0,0,1,89.9,2433.5,0
249,1,0,1,1,22,1,0,0,2,2,0,2,0,0,0,1,3,57.95,1271.8,0
4714,1,0,1,1,2,1,0,1,2,0,0,0,2,2,0,0,2,97.1,184.15,0
4926,0,0,1,1,72,1,0,2,1,1,1,1,1,1,2,0,1,19.7,1379.8,0
1916,0,0,0,0,9,1,0,2,1,1,1,1,1,1,0,0,0,20.15,238.15,0
4479,1,0,1,1,49,1,0,0,2,2,0,2,0,0,0,0,1,59.6,2970.3,0
2283,1,1,0,0,57,1,2,0,0,2,2,0,2,2,2,1,0,79.75,4438.2,0
1626,0,0,0,0,70,1,2,1,2,2,2,2,2,2,2,1,0,113.65,7939.25,0
2650,0,0,0,0,1,1,0,1,0,2,0,0,0,0,0,1,2,74.7,74.7,1
2411,1,0,1,0,25,1,0,2,1,1,1,1,1,1,1,1,0,20.95,495.15,0
3538,0,0,1,0,56,1,2,1,0,0,0,0,2,0,0,1,0,85.6,4902.8,0
841,1,0,0,1,6,1,2,2,1,1,1,1,1,1,0,0,3,26.35,184.05,0
2398,0,0,1,0,19,1,2,1,0,2,0,0,0,2,0,1,2,89.1,1620.8,0
3751,1,0,1,0,72,1,2,1,0,2,2,0,2,2,2,1,0,104.8,7470.1,0
100,0,0,0,0,3,1,0,2,1,1,1,1,1,1,0,0,3,19.95,58.0,0
2794,1,0,0,0,72,1,0,2,1,1,1,1,1,1,2,0,0,19.3,1414.8,0
740,1,0,1,0,63,1,2,0,2,2,2,2,0,2,1,0,1,80.0,5040.2,0
2263,1,0,0,0,2,1,0,0,0,0,0,2,2,2,0,0,2,70.3,132.4,0
3325,0,0,0,0,40,1,0,2,1,1,1,1,1,1,2,0,3,20.15,804.85,0
5822,0,0,1,1,72,1,2,0,2,2,2,2,2,2,2,1,0,93.25,6688.95,0
1451,0,0,1,0,67,1,2,2,1,1,1,1,1,1,2,1,1,25.25,1733.15,0
5019,0,0,0,0,1,1,0,0,0,0,0,0,0,0,0,0,3,45.95,45.95,1
6292,0,0,1,0,15,1,0,1,2,0,2,0,2,2,0,0,2,101.75,1669.4,0
2840,0,0,1,0,64,1,0,1,2,0,2,0,2,2,2,1,0,99.0,6375.8,0
3712,1,0,0,0,4,1,0,2,1,1,1,1,1,1,0,0,3,19.0,78.9,0
695,0,0,0,0,26,1,0,1,0,0,0,0,0,0,0,1,1,69.05,1815.65,0
6665,0,0,0,1,14,1,0,0,0,0,2,0,2,0,0,1,1,59.8,824.85,0
4134,1,0,1,0,71,1,2,2,1,1,1,1,1,1,2,0,0,24.45,1730.65,0
4152,1,0,0,0,32,1,0,2,1,1,1,1,1,1,1,0,3,19.8,607.7,0
4154,1,0,0,0,1,1,0,1,0,0,0,0,0,0,0,1,2,69.9,69.9,1
2950,0,0,0,1,28,1,0,2,1,1,1,1,1,1,0,0,3,20.25,535.35,0
3605,0,0,1,0,48,1,2,1,0,2,0,2,2,2,0,1,1,105.1,5083.55,0
3960,0,0,0,0,22,1,0,1,0,2,0,0,0,2,0,1,3,84.3,1855.65,1
1083,1,1,1,0,70,1,0,1,2,2,2,0,2,2,2,0,1,105.35,7511.9,0
1755,1,0,0,0,1,1,2,2,1,1,1,1,1,1,0,1,3,24.05,24.05,1
5153,1,0,1,0,53,1,2,0,2,0,2,2,2,0,1,0,0,77.4,4155.95,0
5232,0,0,1,0,9,1,0,1,0,0,0,0,0,2,0,1,2,79.75,769.1,0
5211,0,0,1,1,59,1,0,2,1,1,1,1,1,1,2,0,1,19.5,1222.65,0
5121,0,1,0,0,1,1,0,1,0,0,0,0,0,0,0,1,2,69.25,69.25,1
4010,0,0,1,0,41,1,0,1,0,2,2,2,0,0,1,1,0,86.2,3339.05,0
2147,1,0,1,0,3,0,1,0,0,2,0,0,0,0,0,0,1,29.8,94.4,0
1382,1,0,1,0,1,1,0,0,2,0,2,0,0,0,0,0,3,55.7,55.7,0
358,1,0,1,0,72,0,1,0,2,2,2,0,0,0,2,0,0,42.1,2962.0,0
5292,1,0,1,0,60,1,2,2,1,1,1,1,1,1,1,0,0,24.15,1505.9,0
5030,1,0,1,1,66,1,0,2,1,1,1,1,1,1,1,1,2,20.35,1359.5,0
6523,0,0,1,1,17,1,0,1,0,0,2,2,2,2,1,0,0,98.6,1704.95,1
3519,1,1,0,0,68,1,2,1,0,2,2,0,0,2,0,1,2,95.9,6503.2,0
372,1,0,0,0,13,1,0,0,0,2,0,2,2,2,0,0,3,73.35,931.55,0
6062,1,0,1,1,59,1,2,1,2,2,0,2,2,2,2,1,3,111.1,6555.2,0
234,1,0,0,0,36,1,2,1,0,0,0,0,0,2,0,1,2,84.9,3067.2,1
1753,0,0,1,1,72,1,2,2,1,1,1,1,1,1,1,1,0,23.3,1623.15,0
6289,0,0,1,1,12,0,1,0,0,2,0,0,0,0,0,0,3,29.2,309.1,1
314,1,0,0,0,10,1,0,0,0,0,0,0,0,2,0,1,0,56.75,503.25,0
2238,1,0,0,0,65,1,2,1,0,2,2,0,2,2,2,0,1,105.1,6631.85,0
369,0,0,1,0,2,1,0,0,2,0,0,0,0,2,0,1,3,62.15,113.1,0
4348,0,0,1,1,19,1,0,2,1,1,1,1,1,1,0,0,3,20.2,382.2,0
2393,1,0,1,1,1,1,0,1,0,0,0,0,0,0,0,1,2,71.0,71.0,1
6392,1,1,1,0,27,0,1,0,2,0,0,0,0,0,0,0,1,30.75,805.1,1
4745,1,0,1,1,60,1,0,2,1,1,1,1,1,1,2,1,0,20.95,1270.55,0
4564,0,0,0,0,5,1,2,1,0,0,2,2,0,0,0,1,2,82.75,417.75,0
1622,0,0,1,0,46,1,0,0,2,2,0,2,0,2,1,0,3,70.6,3231.05,0
6639,1,0,0,0,1,1,0,2,1,1,1,1,1,1,0,0,3,19.1,19.1,0
4955,0,0,0,0,8,1,0,2,1,1,1,1,1,1,0,0,3,19.2,156.85,0
2286,0,0,1,1,72,1,2,0,2,0,2,2,2,2,2,0,1,84.7,5893.9,0
467,0,0,1,0,21,1,0,1,0,0,0,2,2,0,0,1,2,86.05,1818.9,0
43,1,0,1,1,25,1,0,0,2,2,2,0,0,0,1,1,0,61.6,1611.0,0
5055,0,1,1,0,21,1,2,0,0,2,2,0,0,2,1,0,0,71.7,1497.05,0
1361,1,0,0,0,13,1,2,1,0,0,0,2,2,2,0,1,3,99.0,1301.7,1
301,0,0,0,0,53,1,0,1,0,2,2,2,0,2,1,1,1,94.45,5042.75,0
3942,1,0,1,1,50,1,2,2,1,1,1,1,1,1,2,0,3,24.95,1261.45,0
2858,0,0,0,0,11,1,2,1,0,0,2,0,2,2,0,1,2,100.75,1129.75,1
398,0,0,0,0,8,1,0,0,2,0,0,0,0,0,0,1,2,49.85,365.55,1
1869,1,0,1,0,43,1,0,1,2,2,2,0,0,0,0,1,1,86.1,3551.65,0
189,0,0,0,1,11,0,1,0,2,0,0,2,0,0,1,1,3,36.05,402.6,0
6967,0,0,1,1,35,0,1,0,2,0,0,2,2,0,2,1,1,46.35,1662.05,0
219,1,0,0,0,72,0,1,0,2,0,2,2,2,2,2,1,1,61.2,4390.25,0
3981,0,1,0,0,20,1,2,1,0,2,2,0,0,2,0,1,2,94.1,1782.4,1
4616,1,1,1,0,23,1,0,1,0,0,0,0,2,2,0,1,2,90.45,2117.25,0
3179,0,0,1,1,17,1,0,1,2,0,0,2,2,0,0,0,2,91.85,1574.45,1
4368,1,0,0,0,71,0,1,0,2,2,2,2,2,0,2,0,0,53.95,3888.65,0
6490,0,0,1,0,63,1,2,0,2,2,0,0,2,2,1,1,1,79.7,4786.15,0
4248,0,0,1,1,24,0,1,0,2,2,2,0,2,2,1,0,2,57.6,1367.75,0
6396,0,0,0,0,24,1,0,1,2,0,0,0,2,2,0,1,2,94.6,2283.15,0
6868,0,1,1,1,48,0,1,0,0,2,0,0,0,0,1,0,0,29.9,1388.75,0
6914,1,0,0,0,12,1,2,2,1,1,1,1,1,1,0,0,2,25.0,316.2,0
5354,0,0,0,0,13,1,0,1,0,0,0,0,0,0,0,1,3,70.15,886.7,0
420,1,0,1,1,4,1,0,2,1,1,1,1,1,1,0,0,3,18.85,84.2,0
5116,0,0,0,0,6,1,0,2,1,1,1,1,1,1,2,0,3,19.55,124.45,0
5318,1,0,0,0,9,0,1,0,0,0,0,0,2,2,0,1,2,45.4,418.8,1
1296,1,0,0,0,1,1,2,0,2,2,0,0,0,0,0,0,2,61.15,61.15,0
6548,0,0,1,0,72,1,2,1,2,2,2,2,2,2,2,1,0,115.5,8312.75,0
4375,1,0,1,1,35,1,0,2,1,1,1,1,1,1,2,0,0,20.5,759.35,0
3825,0,0,1,1,71,1,2,0,2,2,2,2,2,2,2,0,3,91.05,6293.75,0
1047,1,0,1,1,52,1,2,1,0,0,2,2,0,2,2,1,0,96.25,4990.25,1
5248,1,0,1,0,71,1,2,0,2,2,2,2,2,2,2,0,0,90.55,6404.0,0
3202,0,0,1,0,6,1,2,1,0,2,2,0,2,2,0,1,2,105.3,545.2,1
6111,0,1,0,0,60,1,2,1,0,0,2,2,2,2,1,1,2,106.0,6441.4,1
1902,1,0,1,0,24,0,1,0,0,0,2,0,0,0,0,0,2,29.1,688.0,0
1559,0,1,0,0,14,1,2,1,0,0,0,0,0,0,0,1,2,74.3,1096.25,1
6840,1,0,1,1,14,1,0,0,2,2,0,0,0,2,2,1,0,61.4,815.55,0
2231,0,0,1,1,3,1,0,1,0,0,0,0,2,0,0,1,2,80.7,239.45,0
2676,1,0,1,1,7,1,0,1,0,0,0,0,0,0,0,1,0,69.95,529.5,1
4627,1,0,0,1,1,1,2,1,0,0,0,0,2,2,0,1,2,93.3,93.3,1
4880,1,0,0,0,30,1,0,1,0,2,0,0,2,2,1,1,0,97.0,3021.3,0
2898,0,0,0,1,67,1,2,1,0,2,0,2,2,2,2,1,2,104.0,7039.05,0
3471,1,0,0,0,3,1,0,0,0,0,0,0,2,0,0,0,1,53.4,188.7,1
2613,1,0,0,0,1,1,0,1,0,0,0,0,2,2,0,1,2,88.35,88.35,1
1441,0,0,1,1,59,1,2,0,0,0,2,2,2,0,2,1,0,72.1,4194.85,0
5557,1,0,0,0,58,1,2,1,0,0,0,2,0,0,0,0,0,80.65,4807.35,0
6462,0,0,0,0,29,1,0,2,1,1,1,1,1,1,0,0,1,19.35,601.6,0
2745,1,0,0,0,4,1,2,1,2,0,0,0,0,0,0,1,2,80.1,336.15,0
5443,1,0,0,0,1,1,0,0,0,0,0,0,0,0,0,1,3,44.15,44.15,1
5995,1,0,0,0,19,1,0,1,0,0,0,0,2,0,0,1,0,78.7,1495.1,0
4683,1,0,0,0,1,1,0,0,0,0,2,0,0,0,0,1,2,50.5,50.5,1
2989,0,0,0,0,9,1,2,1,0,0,0,0,0,0,0,1,2,74.75,706.6,1
585,0,0,1,1,68,1,2,1,0,2,0,2,2,2,2,1,1,103.75,7039.45,0
5540,1,0,1,0,27,1,0,0,2,0,0,0,0,0,1,0,1,48.7,1421.75,0
3967,1,0,1,0,1,1,0,1,0,0,0,0,0,0,0,0,2,70.0,70.0,1
3606,1,0,1,0,36,1,2,1,0,0,0,0,2,2,0,1,0,95.0,3440.25,0
1299,1,0,1,1,68,1,0,1,2,2,0,2,0,2,2,0,0,95.1,6683.4,0
3964,0,0,0,0,15,1,0,2,1,1,1,1,1,1,0,0,0,19.75,297.3,1
3223,1,0,1,0,22,1,0,2,1,1,1,1,1,1,0,1,0,20.45,471.55,0
540,1,0,1,0,67,1,2,1,2,2,2,0,2,2,1,0,1,109.9,7332.4,0
2796,0,0,0,0,5,1,0,2,1,1,1,1,1,1,0,0,3,20.15,117.95,0
2595,0,0,0,0,32,1,2,1,0,0,0,0,2,0,1,0,2,84.05,2781.85,1
1661,0,0,1,1,56,1,0,2,1,1,1,1,1,1,2,1,1,19.8,1119.9,0
1284,1,0,0,0,8,1,0,0,2,0,2,0,0,2,0,1,2,66.7,579.0,0
2727,0,0,1,1,60,1,2,1,2,2,2,2,2,2,2,0,1,115.25,6758.45,0
4708,1,0,0,0,5,1,0,0,0,0,0,2,0,0,0,1,2,49.2,216.9,1
1074,0,0,0,1,4,1,2,1,0,2,2,0,0,0,0,0,0,84.05,333.55,1
6928,1,0,0,0,24,1,0,0,2,0,0,0,0,0,0,1,2,51.15,1275.7,0
4732,1,0,1,1,31,1,2,0,2,2,0,2,0,2,1,1,0,75.25,2344.5,0
773,0,1,0,0,49,1,0,0,0,0,0,0,0,0,0,0,3,43.8,2106.05,0
818,1,0,0,0,13,1,0,1,0,0,0,0,2,2,0,1,2,91.1,1135.7,1
2632,1,0,0,0,21,1,2,1,0,2,0,0,0,0,0,1,2,82.35,1852.85,1
3663,1,0,0,0,2,1,0,2,1,1,1,1,1,1,1,0,3,19.95,47.7,0
7004,1,0,1,1,68,1,0,1,2,0,0,2,2,2,2,1,2,99.55,6668.0,0
2204,1,0,0,0,53,0,1,0,2,2,0,0,0,2,0,1,0,46.3,2546.85,0
811,0,0,1,0,23,1,0,0,0,0,0,2,2,0,1,0,0,60.0,1347.15,0
303,0,1,1,0,54,1,2,1,2,2,2,2,2,2,1,1,0,115.6,6431.05,0
3470,0,1,1,0,55,1,2,1,0,2,2,2,0,0,0,0,2,90.45,5044.8,0
6521,1,1,1,0,29,1,2,1,0,0,0,0,2,2,0,1,2,94.45,2653.65,1
1629,1,0,1,0,24,1,2,1,0,0,0,0,2,2,0,1,2,93.0,2248.05,0
6508,0,1,0,0,4,1,0,1,0,0,0,0,2,0,0,1,2,78.85,292.8,1
4200,1,1,1,0,7,1,0,1,0,0,0,0,0,0,0,1,3,70.1,467.55,1
4934,1,0,1,1,54,1,0,1,0,2,0,2,0,0,2,1,0,79.95,4362.05,0
1223,0,0,1,1,64,1,0,2,1,1,1,1,1,1,1,0,0,19.8,1336.65,0
2281,1,0,1,1,72,1,2,1,2,2,2,2,2,2,2,1,0,116.6,8337.45,0
6166,1,0,1,0,10,1,0,0,2,0,0,2,0,0,0,1,1,54.95,568.85,0
2754,1,0,0,0,3,1,0,1,0,0,2,0,0,2,0,0,1,85.7,256.75,0
3313,0,0,0,0,11,0,1,0,0,0,0,0,2,0,0,1,3,35.8,363.15,0
6846,1,0,0,1,1,1,0,1,0,0,0,0,2,2,0,1,2,90.85,90.85,1
3819,0,1,0,0,50,1,2,1,2,2,0,0,0,0,0,1,2,83.4,4113.7,0
3464,1,0,1,1,9,1,2,1,0,0,2,0,0,0,0,1,0,79.35,661.25,1
2594,1,0,0,0,1,1,2,1,0,0,0,0,0,0,0,1,3,74.25,74.25,1
2261,0,0,1,1,71,1,2,1,2,2,2,0,2,0,2,1,1,99.0,7061.65,0
6551,0,0,0,0,8,1,2,1,0,0,2,0,2,2,0,1,2,99.65,820.5,1
1802,1,1,1,0,66,1,2,1,0,0,0,2,2,2,0,1,1,100.05,6871.9,1
5564,0,0,1,1,61,1,2,0,2,2,0,0,0,0,0,0,2,59.8,3641.5,0
3622,1,1,1,0,72,1,2,1,2,2,2,2,2,2,2,1,3,114.5,8331.95,0
2303,0,1,1,0,1,1,0,1,0,2,0,0,0,0,0,1,3,76.4,76.4,1
4197,0,0,0,1,41,1,0,2,1,1,1,1,1,1,1,1,1,20.25,865.0,0
5852,1,1,0,0,10,1,0,1,0,0,0,0,0,2,0,1,2,79.25,793.55,1
5411,1,0,0,0,28,0,1,0,0,0,0,2,0,0,0,1,1,30.1,810.85,0
1703,0,0,1,0,1,1,0,2,1,1,1,1,1,1,0,1,3,20.65,20.65,0
571,1,0,0,0,47,1,0,0,2,2,2,2,2,2,1,1,0,86.95,4138.9,0
569,0,0,1,1,66,1,2,0,2,2,2,2,2,2,2,0,1,89.9,5958.85,0
123,1,0,0,0,30,1,0,1,2,2,2,0,0,0,0,1,1,84.3,2438.6,0
2645,1,1,1,0,32,1,2,1,0,2,2,0,2,2,0,0,0,106.35,3520.75,1
819,1,0,0,0,7,1,2,1,0,0,0,0,0,0,0,0,2,73.6,520.0,1
6300,1,1,1,0,34,1,0,1,0,0,0,0,0,0,0,0,1,71.55,2427.35,0
1966,0,0,1,1,14,1,2,1,0,0,2,0,0,2,0,1,2,87.25,1258.6,1
1697,0,0,1,0,23,1,2,0,0,0,0,2,2,2,0,1,1,73.65,1642.75,0
2642,1,1,0,0,2,1,0,0,0,0,0,0,0,0,0,1,2,44.15,92.65,1
2428,0,0,1,0,16,1,2,1,0,2,0,0,2,2,0,1,2,100.0,1534.75,1
5380,1,0,1,1,32,0,1,0,0,0,2,0,2,2,0,0,1,50.6,1653.45,0
5461,1,0,1,1,72,1,2,2,1,1,1,1,1,1,2,0,0,24.3,1643.25,0
3543,0,0,1,1,9,1,0,1,0,0,0,2,0,0,0,1,2,75.85,647.5,0
1696,1,1,1,0,40,1,2,1,2,0,0,0,2,2,0,0,2,101.85,4086.3,1
2455,0,0,1,0,1,1,0,0,0,0,0,0,2,0,0,1,3,55.3,55.3,0
2341,0,1,0,0,16,1,2,0,2,0,0,0,0,0,0,1,2,54.1,889.0,0
1684,0,1,1,0,12,1,2,1,0,2,2,0,2,0,0,1,2,98.1,1060.2,1
4196,1,0,1,1,13,1,2,0,0,2,2,2,2,0,0,1,2,72.8,930.05,0
2383,0,1,1,0,3,1,0,1,0,2,0,0,0,0,0,1,0,74.6,239.05,0
6278,0,0,1,1,68,1,2,1,0,2,2,0,0,0,2,1,1,84.4,5746.75,0
1196,0,1,0,0,18,1,0,2,1,1,1,1,1,1,1,0,0,20.35,369.6,0
261,0,0,1,0,2,1,0,1,2,0,0,0,0,0,0,1,2,74.4,139.4,1
5713,1,0,0,0,1,1,0,2,1,1,1,1,1,1,0,0,3,20.2,20.2,0
4838,0,0,0,1,10,1,0,1,0,0,2,2,2,0,0,1,2,91.1,964.35,0
3764,1,0,0,0,3,1,2,1,0,0,2,0,2,2,0,1,0,101.55,298.35,1
6344,1,0,1,0,64,1,2,1,0,2,0,2,2,2,2,1,2,105.25,6823.4,0
4902,1,0,0,1,60,1,2,0,2,0,2,2,2,2,2,1,2,84.95,4984.85,0
6471,0,0,0,0,15,1,0,0,0,2,0,0,0,0,0,0,2,48.85,736.8,0
7034,1,1,1,1,47,1,0,1,0,2,0,0,2,0,1,1,0,84.95,4018.05,0
4261,1,0,0,0,26,1,2,1,0,0,0,2,0,0,0,1,2,80.5,2088.8,1
4475,1,1,0,0,53,0,1,0,0,2,2,0,2,2,0,1,2,54.45,2854.55,1
1290,0,0,0,0,41,1,2,0,0,0,2,2,0,2,1,1,2,68.6,2877.05,0
884,1,0,0,0,1,1,0,1,0,0,0,0,0,2,0,0,2,79.9,79.9,1
4828,1,0,1,1,70,1,2,1,0,2,0,0,2,2,2,0,0,98.3,6859.5,1
2331,0,1,0,0,33,1,2,1,0,2,2,2,2,2,0,1,2,110.45,3655.45,1
3590,0,0,1,0,58,1,2,1,2,2,2,0,2,2,2,1,0,109.45,6144.55,1
5421,0,0,1,1,47,1,0,2,1,1,1,1,1,1,2,0,1,20.05,1016.7,0
6958,0,0,0,1,21,0,1,0,2,2,2,2,2,0,2,0,3,53.15,1183.2,0
2319,0,0,0,0,20,1,0,2,1,1,1,1,1,1,0,1,0,19.5,413.0,0
299,0,0,0,0,41,1,2,0,0,2,2,0,2,2,1,1,2,80.55,3263.9,0
5243,0,0,1,0,9,1,0,1,0,0,0,0,2,2,0,0,2,89.45,853.1,1
3593,0,0,0,0,24,1,0,0,2,0,0,2,0,0,0,0,1,56.35,1381.2,0
6122,0,0,1,1,36,1,2,0,2,2,2,2,2,2,2,1,1,92.9,3379.25,0
931,0,0,1,1,72,1,2,1,2,2,2,2,2,2,2,1,0,115.6,8220.4,0
1928,1,0,0,1,66,1,0,2,1,1,1,1,1,1,2,0,3,20.55,1357.1,0
3929,1,1,0,0,7,0,1,0,0,2,0,2,0,2,0,1,2,44.4,265.8,0
6145,0,1,1,0,69,1,0,1,2,2,0,0,0,2,1,0,1,87.3,6055.55,0
4216,1,0,0,0,18,1,2,1,0,0,0,0,2,0,0,0,0,84.3,1537.9,0
4829,0,1,1,0,66,1,2,1,0,2,2,0,2,2,1,0,1,104.6,6819.45,0
6080,0,0,0,0,1,1,0,2,1,1,1,1,1,1,0,0,2,20.7,20.7,0
6125,1,0,0,0,4,0,1,0,0,0,0,2,0,0,0,0,2,30.5,118.4,0
4011,0,1,0,0,18,1,0,0,0,2,0,0,0,0,0,1,1,49.85,865.75,0
1011,1,0,1,1,70,0,1,0,2,0,2,2,2,2,2,0,0,59.5,4144.8,0
4309,0,0,0,0,3,1,0,1,0,0,0,0,0,0,0,1,2,70.15,194.2,0
6673,1,1,1,0,8,1,0,0,2,0,0,0,2,0,0,0,0,60.9,551.95,0
5344,1,0,1,1,50,1,2,1,2,2,2,0,2,2,1,1,2,108.25,5431.4,0
711,1,0,0,0,43,1,0,2,1,1,1,1,1,1,2,0,3,19.55,876.15,0
3745,1,0,0,0,1,1,0,1,0,0,0,0,0,2,0,1,3,80.85,80.85,1
5246,1,0,0,0,20,0,1,0,2,2,2,2,2,0,0,1,1,55.0,1165.55,0
6509,0,1,0,0,45,1,2,1,0,0,2,0,2,2,1,1,0,100.15,4459.8,0
1474,0,0,0,0,12,1,0,1,0,0,2,0,2,2,0,1,2,96.0,1062.1,1
513,1,0,0,0,2,0,1,0,0,0,0,0,0,0,0,1,2,25.05,56.35,1
2822,0,0,1,1,21,1,0,0,0,0,0,0,0,0,0,1,2,44.95,926.25,0
743,1,0,1,1,72,1,0,1,2,2,0,2,2,2,2,0,0,105.5,7611.55,0
391,0,0,1,1,22,1,0,1,0,2,0,0,0,2,0,0,2,83.3,1845.9,1
3645,0,0,0,0,34,1,2,1,0,0,0,0,2,0,0,0,2,85.35,2896.6,0
2888,1,0,0,0,69,0,1,0,0,2,2,0,0,0,1,1,0,35.75,2492.25,0
968,1,0,1,0,57,1,2,1,0,0,2,2,2,2,2,0,2,107.95,5969.85,0
1897,1,0,0,1,10,1,2,1,0,0,0,0,2,2,0,0,2,95.2,930.4,1
5980,1,0,0,0,2,1,0,1,2,0,0,0,0,0,0,1,2,75.7,189.2,1
2811,1,0,1,1,38,1,2,0,0,2,2,0,2,2,1,0,1,78.95,2862.55,0
6701,1,0,0,0,31,1,0,0,2,2,2,2,2,0,0,1,0,72.45,2156.25,0
4303,1,0,1,1,23,1,0,0,2,0,0,2,0,0,1,0,1,57.2,1423.35,0
1947,0,0,1,1,37,1,2,1,0,0,0,0,2,2,0,1,2,95.25,3314.15,0
4426,1,0,1,0,66,1,2,1,2,2,2,2,0,0,2,0,3,96.6,6424.25,0
2258,0,0,1,1,65,1,2,0,2,2,2,2,2,2,2,0,0,91.55,5963.95,0
2504,1,0,0,0,10,1,0,0,0,0,0,0,0,0,0,1,1,44.85,435.4,1
3430,1,0,0,0,13,1,0,1,2,0,0,0,0,0,0,1,1,73.75,956.65,0
6836,0,0,0,0,39,1,0,2,1,1,1,1,1,1,2,0,3,20.15,826.0,0
5465,0,0,1,0,68,1,2,1,0,0,2,0,2,0,2,1,0,89.95,5974.3,0
2882,0,0,0,0,1,1,0,1,0,0,0,0,0,0,0,0,3,69.55,69.55,1
